Date,Lake,Chloride.mgL
1970-11-01,Kegonsa,20
1972-05-01,Kegonsa,22
1972-10-01,Kegonsa,23
1973-04-01,Kegonsa,23
1973-10-01,Kegonsa,24
1974-04-01,Kegonsa,20
1974-06-01,Kegonsa,20
1974-09-01,Kegonsa,21
1974-10-01,Kegonsa,21
1974-12-01,Kegonsa,22
1975-01-01,Kegonsa,22.5
1975-02-01,Kegonsa,27.5
1975-03-01,Kegonsa,22.5
1975-04-01,Kegonsa,20.2
1975-05-01,Kegonsa,19.2
1975-06-01,Kegonsa,19
1975-07-01,Kegonsa,20
1975-08-01,Kegonsa,20.5
1975-09-01,Kegonsa,21.5
1975-10-01,Kegonsa,21.5
1975-11-01,Kegonsa,21.5
1975-12-01,Kegonsa,21.5
1976-01-01,Kegonsa,21.5
1976-02-01,Kegonsa,23.5
1976-03-01,Kegonsa,30
1976-04-01,Kegonsa,21
1976-05-01,Kegonsa,19
1976-06-01,Kegonsa,21.5
1976-07-01,Kegonsa,22
1976-08-01,Kegonsa,22
1976-09-01,Kegonsa,22
1976-10-01,Kegonsa,23
1976-11-01,Kegonsa,22
1976-12-01,Kegonsa,26
1977-01-01,Kegonsa,25
1977-02-01,Kegonsa,27
1977-03-01,Kegonsa,24
1977-04-01,Kegonsa,23
1977-05-01,Kegonsa,22
1977-06-01,Kegonsa,22
1977-07-01,Kegonsa,21
1977-08-01,Kegonsa,17
1977-09-01,Kegonsa,22
1977-10-01,Kegonsa,22
1977-11-01,Kegonsa,22
1977-12-01,Kegonsa,25
1978-01-01,Kegonsa,25
1978-02-01,Kegonsa,26
1978-03-01,Kegonsa,29
1978-04-01,Kegonsa,22
1978-05-01,Kegonsa,21
1978-06-01,Kegonsa,21
1978-07-01,Kegonsa,19
1978-08-01,Kegonsa,19
1978-09-01,Kegonsa,18
1978-10-01,Kegonsa,32
1978-11-01,Kegonsa,22
1978-12-01,Kegonsa,21
1979-01-01,Kegonsa,23
1979-02-01,Kegonsa,23
1979-03-01,Kegonsa,24
1979-04-01,Kegonsa,19
1979-05-01,Kegonsa,20
1979-06-01,Kegonsa,22
1979-07-01,Kegonsa,21
1979-08-01,Kegonsa,23
1979-09-01,Kegonsa,23
1979-10-01,Kegonsa,23
1979-11-01,Kegonsa,23
1979-12-01,Kegonsa,23
1980-01-01,Kegonsa,24
1980-02-01,Kegonsa,27
1980-03-01,Kegonsa,26
1980-04-01,Kegonsa,27
1980-05-01,Kegonsa,27
1980-06-01,Kegonsa,24
1980-07-01,Kegonsa,24
1980-08-01,Kegonsa,21
1980-09-01,Kegonsa,23
1980-10-01,Kegonsa,24
1980-12-01,Kegonsa,25
1981-01-01,Kegonsa,27
1981-02-01,Kegonsa,27
1981-03-01,Kegonsa,24
1981-04-01,Kegonsa,25
1981-05-01,Kegonsa,23
1981-06-01,Kegonsa,26
1981-07-01,Kegonsa,25
1981-08-01,Kegonsa,25
1981-11-01,Kegonsa,24
1981-12-01,Kegonsa,24
1982-01-01,Kegonsa,25
1982-02-01,Kegonsa,27
1982-03-01,Kegonsa,27
1982-04-01,Kegonsa,24
1982-05-01,Kegonsa,25
1982-06-01,Kegonsa,23
1982-07-01,Kegonsa,25
1982-08-01,Kegonsa,25
1982-10-01,Kegonsa,26
1982-11-01,Kegonsa,25
1982-12-01,Kegonsa,23
1983-01-01,Kegonsa,25
1983-02-01,Kegonsa,25
1983-03-01,Kegonsa,25
1983-04-01,Kegonsa,22
1983-05-01,Kegonsa,26
1983-06-01,Kegonsa,23
1983-07-01,Kegonsa,24
1983-08-01,Kegonsa,26
1983-09-01,Kegonsa,25
1983-10-01,Kegonsa,27
1983-11-01,Kegonsa,27
1983-12-01,Kegonsa,26
1984-01-01,Kegonsa,29
1984-02-01,Kegonsa,28.5
1984-03-01,Kegonsa,27
1984-04-01,Kegonsa,24
1984-05-01,Kegonsa,19.2
1984-06-01,Kegonsa,25.2
1984-07-01,Kegonsa,25
1984-08-01,Kegonsa,24.5
1984-09-01,Kegonsa,25
1984-10-01,Kegonsa,27
1984-11-01,Kegonsa,23
1984-12-01,Kegonsa,26
1985-01-01,Kegonsa,30
1985-02-01,Kegonsa,29
1985-03-01,Kegonsa,25
1985-04-01,Kegonsa,25
1985-05-01,Kegonsa,27
1985-06-01,Kegonsa,27
1985-07-01,Kegonsa,27
1985-08-01,Kegonsa,29
1985-09-01,Kegonsa,28
1985-10-01,Kegonsa,26
1985-11-01,Kegonsa,27
1985-12-01,Kegonsa,26
1986-01-01,Kegonsa,29
1986-02-01,Kegonsa,31
1986-03-01,Kegonsa,33
1986-04-01,Kegonsa,22
1986-05-01,Kegonsa,28
1986-06-01,Kegonsa,28.5
1986-07-01,Kegonsa,27.6
1986-08-01,Kegonsa,26.4
1986-09-01,Kegonsa,30
1986-10-01,Kegonsa,28.4
1986-11-01,Kegonsa,29.2
1986-12-01,Kegonsa,31.4
1987-01-01,Kegonsa,30.2
1987-02-01,Kegonsa,31
1987-03-01,Kegonsa,29.3
1987-04-01,Kegonsa,30.5
1987-05-01,Kegonsa,32.5
1987-06-01,Kegonsa,28.8
1987-07-01,Kegonsa,28.1
1987-08-01,Kegonsa,30
1987-09-01,Kegonsa,29.4
1987-10-01,Kegonsa,31
1987-11-01,Kegonsa,31
1987-12-01,Kegonsa,35.3
1988-01-01,Kegonsa,31
1988-02-01,Kegonsa,27.6
1988-03-01,Kegonsa,32.3
1988-04-01,Kegonsa,26.1
1988-05-01,Kegonsa,28
1988-06-01,Kegonsa,31.9
1988-07-01,Kegonsa,30.2
1988-08-01,Kegonsa,31.3
1988-09-01,Kegonsa,33.5
1988-10-01,Kegonsa,33
1988-11-01,Kegonsa,30
1988-12-01,Kegonsa,30.8
1989-01-01,Kegonsa,35.2
1989-02-01,Kegonsa,37.8
1989-03-01,Kegonsa,35.4
1989-04-01,Kegonsa,33.4
1989-05-01,Kegonsa,33.8
1989-06-01,Kegonsa,2.6
1989-07-01,Kegonsa,35
1989-08-01,Kegonsa,31.8
1989-09-01,Kegonsa,29.6
1989-10-01,Kegonsa,34.8
1989-11-01,Kegonsa,36.1
1989-12-01,Kegonsa,37.1
1990-01-01,Kegonsa,37.8
1990-02-01,Kegonsa,37.3
1990-03-01,Kegonsa,38.4
1990-04-01,Kegonsa,34
1990-05-01,Kegonsa,36
1990-06-01,Kegonsa,35.1
1990-07-01,Kegonsa,35.1
1990-08-01,Kegonsa,34.4
1990-09-01,Kegonsa,36.5
1990-11-01,Kegonsa,30.7
1990-12-01,Kegonsa,31.3
1991-01-01,Kegonsa,40.3
1991-02-01,Kegonsa,37.3
1991-04-01,Kegonsa,34.3
1991-05-01,Kegonsa,37.1
1991-06-01,Kegonsa,37.4
1991-07-01,Kegonsa,35.2
1991-08-01,Kegonsa,36.8
1991-09-01,Kegonsa,40.5
1991-10-01,Kegonsa,37.7
1991-11-01,Kegonsa,36.9
1991-12-01,Kegonsa,34.4
1992-01-01,Kegonsa,38.2
1992-02-01,Kegonsa,38
1992-03-01,Kegonsa,34.9
1992-04-01,Kegonsa,35.3
1992-05-01,Kegonsa,34.7
1992-06-01,Kegonsa,35.4
1992-07-01,Kegonsa,39.6
1992-08-01,Kegonsa,38.6
1992-09-01,Kegonsa,38.7
1992-10-01,Kegonsa,38.1
1992-11-01,Kegonsa,39.5
1992-12-01,Kegonsa,37.5
1993-02-01,Kegonsa,39.7
1993-03-01,Kegonsa,34.3
1993-07-01,Kegonsa,39.2
1993-10-01,Kegonsa,37.1
1993-11-01,Kegonsa,36.9
1993-12-01,Kegonsa,38.8
1994-02-01,Kegonsa,38.5
1994-03-01,Kegonsa,40.5
1994-06-01,Kegonsa,38.2
1994-07-01,Kegonsa,37.9
1994-08-01,Kegonsa,38
1994-09-01,Kegonsa,37.1
1994-10-01,Kegonsa,37
1994-11-01,Kegonsa,36.7
1994-12-01,Kegonsa,37.3
1995-01-01,Kegonsa,38.6
1995-03-01,Kegonsa,36.1
1995-04-01,Kegonsa,35.5
1995-05-01,Kegonsa,35.3
1995-06-01,Kegonsa,36.3
1995-07-01,Kegonsa,36.9
1995-08-01,Kegonsa,37.8
1995-09-01,Kegonsa,38.5
1995-10-01,Kegonsa,36.9
1996-01-01,Kegonsa,41.6
1996-02-06,Kegonsa,26.71
1996-03-01,Kegonsa,39.3
1996-04-01,Kegonsa,38.2
1996-05-01,Kegonsa,39
1996-05-01,Kegonsa,37.55
1996-06-01,Kegonsa,34.4
1996-09-01,Kegonsa,38.5
1996-11-01,Kegonsa,36.71
1996-12-01,Kegonsa,40.7
1997-01-01,Kegonsa,43.3
1997-02-01,Kegonsa,42.5
1997-02-20,Kegonsa,42.15
1997-03-01,Kegonsa,38.7
1997-04-01,Kegonsa,43.7
1997-05-01,Kegonsa,34.7
1997-05-05,Kegonsa,41.96
1997-06-01,Kegonsa,41.2
1997-07-01,Kegonsa,37.3
1997-08-04,Kegonsa,42.66
1997-09-01,Kegonsa,48.8
1997-11-25,Kegonsa,35.88
1998-01-01,Kegonsa,49
1998-02-01,Kegonsa,46.6
1998-04-01,Kegonsa,41.7
1998-04-21,Kegonsa,42.98
1998-06-01,Kegonsa,42.1
1998-07-01,Kegonsa,42.7
1998-08-06,Kegonsa,42.75
1998-09-01,Kegonsa,41.2
1998-10-01,Kegonsa,40.6
1998-12-01,Kegonsa,41.2
1999-02-01,Kegonsa,43.9
1999-02-04,Kegonsa,45.43
1999-03-01,Kegonsa,41.5
1999-04-14,Kegonsa,43.59
1999-05-01,Kegonsa,38.8
1999-07-01,Kegonsa,36.9
1999-07-08,Kegonsa,41.53
1999-08-01,Kegonsa,38.5
1999-09-01,Kegonsa,39.6
1999-10-01,Kegonsa,39.7
1999-10-27,Kegonsa,42.25
1999-12-01,Kegonsa,40.9
2000-01-01,Kegonsa,43.1
2000-01-31,Kegonsa,45.2
2000-02-01,Kegonsa,40.2
2000-04-01,Kegonsa,38.9
2000-04-11,Kegonsa,41.41
2000-05-01,Kegonsa,39.1
2000-06-01,Kegonsa,36.3
2000-07-01,Kegonsa,36.3
2000-07-05,Kegonsa,37.33
2000-08-01,Kegonsa,36.3
2000-09-01,Kegonsa,37.1
2000-10-01,Kegonsa,40.8
2000-10-26,Kegonsa,39.47
2000-11-01,Kegonsa,40.9
2001-01-16,Kegonsa,38.78
2001-02-01,Kegonsa,45.6
2001-03-01,Kegonsa,42.4
2001-04-01,Kegonsa,38.9
2001-04-25,Kegonsa,36.79
2001-05-01,Kegonsa,41.1
2001-06-01,Kegonsa,41.3
2001-07-01,Kegonsa,43.4
2001-07-31,Kegonsa,39.49
2001-10-01,Kegonsa,42.7
2001-10-23,Kegonsa,39.23
2001-11-01,Kegonsa,43.1
2001-12-01,Kegonsa,42.9
2002-01-02,Kegonsa,45.2
2002-02-02,Kegonsa,43.5
2002-03-02,Kegonsa,42.7
2002-04-02,Kegonsa,41.9
2002-04-23,Kegonsa,36.63
2002-05-02,Kegonsa,42.8
2002-06-02,Kegonsa,43.1
2002-07-02,Kegonsa,44.7
2002-07-19,Kegonsa,39.67
2002-08-02,Kegonsa,45.1
2002-09-02,Kegonsa,45.5
2002-10-02,Kegonsa,42.3
2002-10-24,Kegonsa,44.99
2002-11-02,Kegonsa,46.5
2002-12-02,Kegonsa,45.1
2003-01-03,Kegonsa,44.1
2003-02-03,Kegonsa,48.1
2003-02-11,Kegonsa,51.02
2003-03-03,Kegonsa,39.2
2003-04-03,Kegonsa,46
2003-04-17,Kegonsa,44.49
2003-05-03,Kegonsa,45.3
2003-06-03,Kegonsa,47
2003-07-03,Kegonsa,42.3
2003-08-03,Kegonsa,43.3
2003-08-07,Kegonsa,44.04
2003-09-03,Kegonsa,43.5
2003-10-03,Kegonsa,43.8
2003-11-03,Kegonsa,43.5
2003-12-03,Kegonsa,44.9
2004-01-04,Kegonsa,46.4
2004-02-04,Kegonsa,47.6
2004-02-12,Kegonsa,51.02
2004-03-04,Kegonsa,41.8
2004-04-04,Kegonsa,43.2
2004-04-15,Kegonsa,44.74
2004-05-04,Kegonsa,43.1
2004-06-04,Kegonsa,39.7
2004-07-04,Kegonsa,43.3
2004-08-04,Kegonsa,40.8
2004-08-04,Kegonsa,44.49
2004-09-04,Kegonsa,40.8
2004-10-04,Kegonsa,41.8
2004-11-04,Kegonsa,45.5
2004-11-10,Kegonsa,4.21
2004-12-04,Kegonsa,42.4
2005-01-05,Kegonsa,46.7
2005-02-05,Kegonsa,46.5
2005-03-02,Kegonsa,44.38
2005-03-05,Kegonsa,45.7
2005-04-05,Kegonsa,41.2
2005-05-05,Kegonsa,41.9
2005-06-05,Kegonsa,43.3
2005-07-05,Kegonsa,45.6
2005-08-04,Kegonsa,46.99
2005-08-05,Kegonsa,44.6
2005-09-05,Kegonsa,45.4
2005-10-05,Kegonsa,48.6
2005-10-26,Kegonsa,18.55
2005-11-05,Kegonsa,48.3
2005-12-05,Kegonsa,50.6
2006-01-06,Kegonsa,49.1
2006-02-06,Kegonsa,49.1
2006-03-06,Kegonsa,46
2006-05-06,Kegonsa,46.1
2006-06-06,Kegonsa,47.5
2006-07-06,Kegonsa,47.9
2006-08-06,Kegonsa,47.7
2006-09-06,Kegonsa,45.9
2006-10-06,Kegonsa,45.5
2006-11-06,Kegonsa,46.4
2006-11-08,Kegonsa,50.3
2006-12-06,Kegonsa,46.3
2007-01-07,Kegonsa,47.3
2007-02-07,Kegonsa,50.4
2007-03-07,Kegonsa,48.7
2007-04-07,Kegonsa,44.7
2007-06-07,Kegonsa,47.7
2007-07-07,Kegonsa,51.5
2007-09-07,Kegonsa,48
2007-10-07,Kegonsa,46.4
2007-11-07,Kegonsa,47
2008-01-08,Kegonsa,53.9
2008-02-08,Kegonsa,53.1
2008-03-08,Kegonsa,53.5
2008-04-08,Kegonsa,52.4
2008-04-17,Kegonsa,48.61
2008-05-08,Kegonsa,55.4
2008-06-08,Kegonsa,54.3
2008-07-08,Kegonsa,47.2
2008-08-06,Kegonsa,50.64
2008-08-08,Kegonsa,51.6
2008-09-08,Kegonsa,53.2
2008-10-08,Kegonsa,51.7
2008-11-03,Kegonsa,48.64
2008-11-08,Kegonsa,53
2008-12-08,Kegonsa,54.2
2009-01-09,Kegonsa,55.2
2009-02-09,Kegonsa,53.2
2009-02-16,Kegonsa,43.41
2009-03-09,Kegonsa,46.4
2009-04-09,Kegonsa,51.3
2009-04-24,Kegonsa,52.41
2009-05-09,Kegonsa,56.2
2009-06-09,Kegonsa,50.3
2009-07-09,Kegonsa,55.7
2009-08-03,Kegonsa,28.16
2009-08-09,Kegonsa,56.8
2009-09-09,Kegonsa,53.9
2009-10-09,Kegonsa,50.3
2009-11-04,Kegonsa,56.84
2009-11-09,Kegonsa,50.9
2009-12-09,Kegonsa,57.2
2010-01-10,Kegonsa,53.4
2010-02-10,Kegonsa,57.4
2010-02-11,Kegonsa,63.34
2010-03-10,Kegonsa,56.7
2010-04-10,Kegonsa,52.3
2010-04-15,Kegonsa,24.49
2010-05-10,Kegonsa,54.5
2010-06-10,Kegonsa,53.7
2010-07-10,Kegonsa,55.3
2010-08-05,Kegonsa,53.54
2010-08-10,Kegonsa,53.8
2010-09-10,Kegonsa,54.4
2010-10-10,Kegonsa,55
2010-11-02,Kegonsa,54.74
2010-11-10,Kegonsa,54.5
2010-12-10,Kegonsa,56
2011-01-11,Kegonsa,57.3
2011-02-11,Kegonsa,56
2011-03-03,Kegonsa,59.33
2011-03-11,Kegonsa,54.8
2011-04-11,Kegonsa,52.8
2011-05-11,Kegonsa,52.5
2011-05-20,Kegonsa,54.59
2011-06-11,Kegonsa,50.5
2011-08-10,Kegonsa,58.19
2011-08-11,Kegonsa,56.6
2011-09-11,Kegonsa,57.4
2011-10-11,Kegonsa,59.3
2011-11-07,Kegonsa,61.06
2011-11-11,Kegonsa,58.3
2011-12-11,Kegonsa,57.5
2012-01-12,Kegonsa,59.9
2012-02-12,Kegonsa,61.2
2012-04-12,Kegonsa,59.6
2012-05-12,Kegonsa,58
2012-06-12,Kegonsa,59.2
2012-08-08,Kegonsa,64.15
2012-08-12,Kegonsa,63.4
2012-10-12,Kegonsa,62.8
2012-11-07,Kegonsa,64.79
2012-11-12,Kegonsa,62.4
2012-12-12,Kegonsa,64.2
2013-02-13,Kegonsa,66.1
2013-03-13,Kegonsa,71.7
2013-05-13,Kegonsa,62
2013-06-13,Kegonsa,65.4
2013-07-13,Kegonsa,60.2
2013-08-08,Kegonsa,63.72
2013-08-13,Kegonsa,61.9
2013-09-13,Kegonsa,63.2
2013-10-13,Kegonsa,64.5
2013-11-08,Kegonsa,65.11
2014-02-14,Kegonsa,72.6
2014-03-14,Kegonsa,71.2
2014-04-14,Kegonsa,62.1
2014-05-02,Kegonsa,63.41
2014-06-14,Kegonsa,63.1
2014-07-14,Kegonsa,64.9
2014-08-06,Kegonsa,65.94
2014-08-14,Kegonsa,64.5
2014-09-14,Kegonsa,65.1
2014-10-14,Kegonsa,65.5
2014-11-07,Kegonsa,66.58
2014-12-13,Kegonsa,65.9
2014-12-14,Kegonsa,68.2
2015-01-15,Kegonsa,70.2
2015-02-09,Kegonsa,75.93
2015-02-15,Kegonsa,70.8
2015-04-15,Kegonsa,62
2015-04-17,Kegonsa,63.55
2015-06-15,Kegonsa,62.2
2015-07-15,Kegonsa,62
2015-08-05,Kegonsa,65.14
2015-08-15,Kegonsa,64.9
2015-09-15,Kegonsa,64.2
2015-10-15,Kegonsa,65.4
2015-11-03,Kegonsa,69.3
2016-02-16,Kegonsa,66.7
2016-02-17,Kegonsa,70.26
2016-03-16,Kegonsa,59.8
2016-04-14,Kegonsa,64.13
2016-04-16,Kegonsa,61.4
2016-06-16,Kegonsa,62.1
2016-07-16,Kegonsa,60.8
2016-08-03,Kegonsa,66.55
2016-08-16,Kegonsa,65.8
2016-09-16,Kegonsa,61.3
2016-10-16,Kegonsa,63.8
2016-11-15,Kegonsa,64.64
2016-12-16,Kegonsa,60.4
2017-01-17,Kegonsa,66.6
2017-03-17,Kegonsa,62.3
2017-04-17,Kegonsa,61.2
2017-04-25,Kegonsa,67.38
2017-05-17,Kegonsa,64
2017-06-17,Kegonsa,60.1
2017-07-17,Kegonsa,60.8
2017-08-09,Kegonsa,64.54
2017-08-17,Kegonsa,60.4
2017-10-17,Kegonsa,65.6
2017-11-06,Kegonsa,66.88
2017-12-17,Kegonsa,64.8
2018-01-18,Kegonsa,67.9
2018-02-18,Kegonsa,62.6
2018-04-18,Kegonsa,56.5
2018-04-26,Kegonsa,65.73
2018-05-18,Kegonsa,63.2
2018-06-18,Kegonsa,56
2018-07-18,Kegonsa,57.1
2018-08-09,Kegonsa,63.09
2018-08-18,Kegonsa,56.9
2018-09-18,Kegonsa,53.7
2018-11-01,Kegonsa,57.32
2018-11-18,Kegonsa,55.7
2018-12-18,Kegonsa,57.9
2019-02-19,Kegonsa,62.9
2019-04-19,Kegonsa,63.5
2019-06-19,Kegonsa,61.9
2019-08-19,Kegonsa,64.1
2019-09-19,Kegonsa,65.5
2019-10-19,Kegonsa,60
2019-12-19,Kegonsa,62.6
2020-03-06,Kegonsa,67.04
2022-05-18,Kegonsa,73.4
2022-08-12,Kegonsa,69.07
2022-11-07,Kegonsa,67.28
1940-01-31,Mendota,6
1940-03-11,Mendota,3
1940-05-28,Mendota,1.28
1940-06-25,Mendota,2.93
1940-07-30,Mendota,3.17
1940-08-27,Mendota,2.23
1940-09-11,Mendota,0.81
1940-10-30,Mendota,2.88
1941-03-07,Mendota,1.8
1941-05-19,Mendota,1.35
1941-06-17,Mendota,11.9
1941-07-08,Mendota,5.73
1941-07-29,Mendota,1.14
1941-08-20,Mendota,3.18
1941-09-10,Mendota,1.04
1941-10-02,Mendota,3.18
1942-02-02,Mendota,3.75
1942-04-28,Mendota,1.59
1942-06-17,Mendota,2.61
1942-07-17,Mendota,2.12
1942-08-10,Mendota,1.25
1942-09-15,Mendota,1.63
1942-10-01,Mendota,2.5
1942-11-12,Mendota,2.87
1942-12-15,Mendota,5
1943-01-14,Mendota,2.25
1943-02-17,Mendota,2.5
1943-04-14,Mendota,2.87
1943-05-25,Mendota,3.13
1943-06-15,Mendota,1.62
1943-07-19,Mendota,3.75
1943-08-16,Mendota,1.5
1943-09-27,Mendota,2.5
1943-10-11,Mendota,2.5
1943-11-01,Mendota,1.63
1943-12-15,Mendota,2.75
1944-01-28,Mendota,2.5
1944-02-23,Mendota,3.12
1944-04-25,Mendota,3.5
1944-06-26,Mendota,1.13
1944-07-28,Mendota,4
1944-08-10,Mendota,1.375
1944-09-12,Mendota,2.5
1944-10-24,Mendota,2.5
1944-11-28,Mendota,1.88
1945-01-22,Mendota,3.15
1945-04-23,Mendota,3.75
1945-05-28,Mendota,2.5
1945-06-19,Mendota,3.76
1945-07-19,Mendota,4.2
1945-08-22,Mendota,2.75
1945-09-19,Mendota,4.38
1945-10-22,Mendota,2.88
1945-11-26,Mendota,3.5
1945-12-12,Mendota,1.88
1946-01-14,Mendota,5.425
1946-03-13,Mendota,2.375
1946-04-24,Mendota,2.25
1946-05-27,Mendota,3
1946-06-25,Mendota,4.25
1946-07-16,Mendota,3.75
1946-08-22,Mendota,2.5
1946-09-10,Mendota,3.125
1946-10-23,Mendota,5
1946-11-26,Mendota,1.875
1946-12-11,Mendota,1.875
1947-01-20,Mendota,2.75
1947-03-28,Mendota,4.125
1947-05-27,Mendota,2.88
1947-06-26,Mendota,2.125
1947-07-30,Mendota,3.79
1947-08-21,Mendota,3.03
1947-09-11,Mendota,3.79
1947-10-23,Mendota,3.033
1947-11-25,Mendota,1.52
1948-01-30,Mendota,4.55
1948-02-20,Mendota,4.85
1948-03-30,Mendota,4.55
1948-04-22,Mendota,2.27
1948-05-26,Mendota,4.54
1948-06-29,Mendota,2.27
1948-07-28,Mendota,4.55
1948-08-13,Mendota,4.55
1948-09-28,Mendota,3.79
1948-10-27,Mendota,1.67
1948-11-24,Mendota,3.03
1948-12-23,Mendota,4.55
1949-02-03,Mendota,6.06
1949-03-29,Mendota,0.759
1949-04-27,Mendota,3.8
1949-05-18,Mendota,1.5
1949-06-28,Mendota,6.06
1949-07-26,Mendota,1.21
1949-08-30,Mendota,6.06
1949-10-27,Mendota,9.1
1949-12-20,Mendota,8.35
1957-07-01,Mendota,6
1958-07-01,Mendota,6
1962-07-01,Mendota,6
1963-07-01,Mendota,6
1964-07-01,Mendota,7
1965-07-01,Mendota,8
1966-07-01,Mendota,8
1967-07-01,Mendota,9
1968-07-01,Mendota,9
1969-07-01,Mendota,10
1970-07-01,Mendota,11
1971-10-01,Mendota,11
1971-11-01,Mendota,12
1972-02-01,Mendota,14
1972-05-01,Mendota,13.5
1972-07-01,Mendota,11
1972-10-01,Mendota,14
1973-03-01,Mendota,13.5
1973-04-01,Mendota,14
1973-05-01,Mendota,14.5
1973-10-01,Mendota,14.5
1974-02-01,Mendota,18.5
1974-03-01,Mendota,10.5
1974-04-01,Mendota,14.2
1974-05-01,Mendota,13.5
1974-06-01,Mendota,15
1974-07-01,Mendota,15.5
1974-09-01,Mendota,15
1974-10-01,Mendota,15
1974-12-01,Mendota,15.8
1975-01-01,Mendota,16
1975-02-01,Mendota,15.8
1975-03-01,Mendota,14.5
1975-04-01,Mendota,9.5
1975-05-01,Mendota,16
1975-06-01,Mendota,15.5
1975-07-01,Mendota,15
1975-08-01,Mendota,19.2
1975-09-01,Mendota,15.5
1975-10-01,Mendota,15
1975-11-01,Mendota,15.8
1975-12-01,Mendota,15.8
1976-01-01,Mendota,15.2
1976-02-01,Mendota,17
1976-03-01,Mendota,14
1976-04-01,Mendota,15.2
1976-05-01,Mendota,14.5
1976-06-01,Mendota,15.5
1976-07-01,Mendota,16
1976-08-01,Mendota,15.5
1976-09-01,Mendota,16
1976-10-01,Mendota,16
1976-11-01,Mendota,15
1976-12-01,Mendota,19
1977-01-01,Mendota,18
1977-02-01,Mendota,19
1977-03-01,Mendota,16
1977-04-01,Mendota,16
1977-05-01,Mendota,16
1977-06-01,Mendota,16
1977-07-01,Mendota,15
1977-08-01,Mendota,13.5
1977-09-01,Mendota,16
1977-10-01,Mendota,16
1977-11-01,Mendota,16
1977-12-01,Mendota,18
1978-01-01,Mendota,20
1978-02-01,Mendota,18
1978-03-01,Mendota,20
1978-04-01,Mendota,12
1978-05-01,Mendota,18
1978-06-01,Mendota,17
1978-07-01,Mendota,18
1978-08-01,Mendota,15
1978-09-01,Mendota,23
1978-10-01,Mendota,25
1978-11-01,Mendota,18
1978-12-01,Mendota,16.5
1979-01-01,Mendota,16
1979-02-01,Mendota,17.8
1979-03-01,Mendota,17.5
1979-04-01,Mendota,13.5
1979-05-01,Mendota,16.8
1979-06-01,Mendota,17.4
1979-07-01,Mendota,15.9
1979-08-01,Mendota,16.7
1979-09-01,Mendota,16.8
1979-10-01,Mendota,16.7
1979-11-01,Mendota,16.9
1979-12-01,Mendota,16.8
1980-01-01,Mendota,17.6
1980-02-01,Mendota,17.9
1980-03-01,Mendota,17.9
1980-04-01,Mendota,22
1980-05-01,Mendota,19
1980-06-01,Mendota,18
1980-07-01,Mendota,19
1980-08-01,Mendota,17
1980-09-01,Mendota,17
1980-10-01,Mendota,18
1980-11-01,Mendota,18.7
1980-12-01,Mendota,18.7
1981-01-01,Mendota,19.8
1981-02-01,Mendota,19.7
1981-03-01,Mendota,17.1
1981-04-01,Mendota,19.1
1981-05-01,Mendota,18.2
1981-06-01,Mendota,19
1981-07-01,Mendota,19
1981-08-01,Mendota,18.5
1981-11-01,Mendota,17.5
1981-12-01,Mendota,19
1982-01-01,Mendota,20
1982-02-01,Mendota,20.5
1982-03-01,Mendota,20.5
1982-04-01,Mendota,26
1982-05-01,Mendota,20.5
1982-06-01,Mendota,19.5
1982-07-01,Mendota,19.5
1982-08-01,Mendota,19.5
1982-10-01,Mendota,19.8
1982-11-01,Mendota,19
1982-12-01,Mendota,18
1983-01-01,Mendota,14
1983-02-01,Mendota,20.5
1983-03-01,Mendota,18
1983-04-01,Mendota,19.5
1983-05-01,Mendota,20.5
1983-06-01,Mendota,19
1983-07-01,Mendota,18
1983-08-01,Mendota,20
1983-09-01,Mendota,20
1983-10-01,Mendota,21.2
1983-11-01,Mendota,20.5
1983-12-01,Mendota,20
1984-01-01,Mendota,21
1984-02-01,Mendota,22
1984-03-01,Mendota,18
1984-04-01,Mendota,17.5
1984-05-01,Mendota,20.8
1984-06-01,Mendota,20
1984-07-01,Mendota,19
1984-08-01,Mendota,19
1984-09-01,Mendota,20
1984-10-01,Mendota,20
1984-11-01,Mendota,19
1984-12-01,Mendota,20
1985-01-01,Mendota,19.5
1985-02-01,Mendota,21
1985-03-01,Mendota,20
1985-04-01,Mendota,20
1985-05-01,Mendota,20
1985-06-01,Mendota,21.5
1985-07-01,Mendota,21
1985-08-01,Mendota,21
1985-09-01,Mendota,22
1985-10-01,Mendota,20
1985-11-01,Mendota,21
1985-12-01,Mendota,20
1986-01-01,Mendota,24
1986-02-01,Mendota,24
1986-03-01,Mendota,23
1986-04-01,Mendota,22
1986-05-01,Mendota,23
1986-06-01,Mendota,23.5
1986-07-01,Mendota,22
1986-08-01,Mendota,21
1986-09-01,Mendota,21
1986-10-01,Mendota,23.4
1986-11-01,Mendota,22.2
1986-12-01,Mendota,19
1987-01-01,Mendota,21.6
1987-02-01,Mendota,24.5
1987-03-01,Mendota,22.9
1987-04-01,Mendota,23.7
1987-05-01,Mendota,24.9
1987-06-01,Mendota,25.2
1987-07-01,Mendota,22
1987-08-01,Mendota,23
1987-09-01,Mendota,23.2
1987-10-01,Mendota,24
1987-11-01,Mendota,28
1987-12-01,Mendota,25.1
1988-01-01,Mendota,25.2
1988-02-01,Mendota,28.6
1988-03-01,Mendota,26.7
1988-04-01,Mendota,24.5
1988-05-01,Mendota,24.3
1988-06-01,Mendota,26.5
1988-07-01,Mendota,25.3
1988-08-01,Mendota,25.9
1988-09-01,Mendota,27.5
1988-10-01,Mendota,26.2
1988-11-01,Mendota,23.8
1988-12-01,Mendota,23.6
1989-01-01,Mendota,26.4
1989-02-01,Mendota,26.4
1989-03-01,Mendota,30.2
1989-04-01,Mendota,24.6
1989-05-01,Mendota,27.6
1989-06-01,Mendota,27.2
1989-07-01,Mendota,27.4
1989-08-01,Mendota,22.6
1989-09-01,Mendota,23.6
1989-10-01,Mendota,25.8
1989-11-01,Mendota,27.1
1989-12-01,Mendota,29.3
1990-01-01,Mendota,27.6
1990-02-01,Mendota,28.2
1990-03-01,Mendota,29.1
1990-04-01,Mendota,26.9
1990-05-01,Mendota,27.9
1990-06-01,Mendota,29.5
1990-07-01,Mendota,28.2
1990-08-01,Mendota,25.2
1990-09-01,Mendota,27.5
1990-11-01,Mendota,26.2
1990-12-01,Mendota,26.7
1991-01-01,Mendota,30
1991-02-01,Mendota,31.7
1991-03-01,Mendota,23.3
1991-04-01,Mendota,28
1991-05-01,Mendota,30.6
1991-06-01,Mendota,31.1
1991-07-01,Mendota,29.1
1991-08-01,Mendota,29.7
1991-09-01,Mendota,30.5
1991-10-01,Mendota,31.3
1991-11-01,Mendota,29.9
1991-12-01,Mendota,29
1992-01-01,Mendota,28.9
1992-02-01,Mendota,30.8
1992-03-01,Mendota,28.5
1992-04-01,Mendota,29.7
1992-05-01,Mendota,28.6
1992-06-01,Mendota,28.6
1992-07-01,Mendota,32.9
1992-08-01,Mendota,32.1
1992-09-01,Mendota,31.9
1992-10-01,Mendota,30.6
1992-11-01,Mendota,31.4
1992-12-01,Mendota,31.7
1993-02-01,Mendota,31.8
1993-03-01,Mendota,27.2
1993-07-01,Mendota,31.4
1993-10-01,Mendota,32.2
1993-11-01,Mendota,32
1993-12-01,Mendota,32.8
1994-02-01,Mendota,31.8
1994-03-01,Mendota,33.7
1994-06-01,Mendota,33.4
1994-07-01,Mendota,33.3
1994-08-01,Mendota,34.2
1994-09-01,Mendota,31.9
1994-10-01,Mendota,31.7
1994-11-01,Mendota,30.9
1994-12-01,Mendota,31.1
1995-01-01,Mendota,31.4
1995-03-01,Mendota,30.2
1995-04-01,Mendota,31
1995-05-01,Mendota,31.2
1995-06-01,Mendota,31.4
1995-07-01,Mendota,32.2
1995-08-01,Mendota,32.3
1995-09-01,Mendota,32.3
1995-10-01,Mendota,31.4
1996-01-01,Mendota,34.2
1996-03-01,Mendota,32.4
1996-04-01,Mendota,33.6
1996-05-01,Mendota,33.8
1996-05-01,Mendota,32.62
1996-06-01,Mendota,31.8
1996-08-05,Mendota,32.76
1996-09-01,Mendota,33.7
1996-11-01,Mendota,35.9
1996-11-08,Mendota,34.24
1996-12-01,Mendota,34.5
1997-01-01,Mendota,35.5
1997-02-01,Mendota,34.5
1997-03-01,Mendota,35.8
1997-04-01,Mendota,38
1997-05-01,Mendota,28.9
1997-05-02,Mendota,36.71
1997-06-01,Mendota,34.1
1997-07-01,Mendota,32.8
1997-08-06,Mendota,34.38
1997-09-01,Mendota,38.3
1997-11-01,Mendota,38.3
1997-11-30,Mendota,36.29
1998-04-24,Mendota,34.93
1998-06-01,Mendota,33.5
1998-07-01,Mendota,32.6
1998-08-02,Mendota,34.86
1998-09-01,Mendota,32
1998-10-01,Mendota,35.1
1998-10-27,Mendota,35.55
1998-12-01,Mendota,32.8
1999-02-01,Mendota,32
1999-03-01,Mendota,33.6
1999-04-12,Mendota,37.29
1999-05-01,Mendota,34
1999-07-01,Mendota,32.6
1999-07-06,Mendota,34.85
1999-08-01,Mendota,33.1
1999-09-01,Mendota,33.7
1999-10-01,Mendota,34.2
1999-10-26,Mendota,35.85
1999-12-01,Mendota,33.9
2000-01-01,Mendota,35.6
2000-02-01,Mendota,27.4
2000-04-01,Mendota,34
2000-04-10,Mendota,36.11
2000-05-01,Mendota,33.1
2000-06-01,Mendota,30.4
2000-07-01,Mendota,31
2000-07-03,Mendota,32.08
2000-08-01,Mendota,30.3
2000-09-01,Mendota,30.7
2000-10-01,Mendota,34.1
2000-10-24,Mendota,33.21
2000-11-01,Mendota,34.6
2001-01-01,Mendota,36.4
2001-01-17,Mendota,33.47
2001-03-01,Mendota,34.5
2001-04-01,Mendota,31.8
2001-04-23,Mendota,33.42
2001-05-01,Mendota,36.5
2001-06-01,Mendota,36
2001-07-01,Mendota,36.6
2001-07-30,Mendota,33.72
2001-10-01,Mendota,35.1
2001-10-22,Mendota,32.09
2001-11-01,Mendota,35
2001-12-01,Mendota,35
2002-01-02,Mendota,34.3
2002-02-02,Mendota,36.7
2002-03-02,Mendota,35.2
2002-04-02,Mendota,36.1
2002-04-24,Mendota,31.34
2002-05-02,Mendota,35.3
2002-06-02,Mendota,35.4
2002-07-02,Mendota,36
2002-07-15,Mendota,31.52
2002-08-02,Mendota,36.2
2002-09-02,Mendota,36.5
2002-10-02,Mendota,36.6
2002-10-21,Mendota,36.09
2002-11-02,Mendota,37
2002-12-02,Mendota,37.6
2003-01-03,Mendota,37.3
2003-01-21,Mendota,37.34
2003-04-03,Mendota,38.2
2003-04-14,Mendota,36.96
2003-05-03,Mendota,37.5
2003-06-03,Mendota,38.8
2003-07-03,Mendota,35.8
2003-08-03,Mendota,39.5
2003-08-04,Mendota,37.47
2003-09-03,Mendota,39.4
2003-10-03,Mendota,38.9
2003-10-27,Mendota,37.65
2003-11-03,Mendota,34.7
2003-12-03,Mendota,35
2004-01-04,Mendota,38.6
2004-02-03,Mendota,39.4
2004-02-04,Mendota,41
2004-03-04,Mendota,38.9
2004-04-04,Mendota,36.6
2004-04-12,Mendota,37.95
2004-05-04,Mendota,39.2
2004-06-04,Mendota,34
2004-07-04,Mendota,36.5
2004-08-03,Mendota,38.47
2004-08-04,Mendota,34.1
2004-09-04,Mendota,34.2
2004-10-04,Mendota,34.7
2004-11-03,Mendota,36.78
2004-11-04,Mendota,38.4
2004-12-04,Mendota,35.5
2005-01-05,Mendota,38.1
2005-01-31,Mendota,38.55
2005-02-05,Mendota,34.8
2005-03-05,Mendota,35.3
2005-04-05,Mendota,36.5
2005-04-15,Mendota,41.8
2005-05-05,Mendota,36.2
2005-06-05,Mendota,37
2005-07-05,Mendota,38
2005-08-01,Mendota,39.81
2005-08-05,Mendota,40.2
2005-09-05,Mendota,36.9
2005-10-05,Mendota,40
2005-11-02,Mendota,40.95
2005-11-05,Mendota,38.4
2005-12-05,Mendota,38.7
2006-01-06,Mendota,37.7
2006-03-06,Mendota,38.3
2006-03-06,Mendota,46.2
2006-04-17,Mendota,45
2006-05-06,Mendota,36.9
2006-06-06,Mendota,39.9
2006-07-06,Mendota,40.8
2006-08-06,Mendota,40.8
2006-08-07,Mendota,40.76
2006-09-06,Mendota,39.9
2006-10-06,Mendota,37.8
2006-10-30,Mendota,40.76
2006-11-06,Mendota,37.8
2006-12-06,Mendota,36.4
2007-01-03,Mendota,41.04
2007-01-07,Mendota,38.7
2007-02-07,Mendota,40.5
2007-02-19,Mendota,40.06
2007-03-07,Mendota,37.7
2007-04-07,Mendota,40.4
2007-04-16,Mendota,39.09
2007-06-07,Mendota,38.6
2007-07-07,Mendota,41.8
2007-08-06,Mendota,42.21
2007-09-07,Mendota,36.6
2007-10-07,Mendota,37.7
2007-10-29,Mendota,38.88
2008-02-08,Mendota,43.6
2008-02-13,Mendota,42.5
2008-03-08,Mendota,41.1
2008-04-08,Mendota,39.3
2008-04-14,Mendota,44.83
2008-05-08,Mendota,43.5
2008-06-08,Mendota,42.2
2008-07-08,Mendota,39.5
2008-08-04,Mendota,39.52
2008-08-08,Mendota,39.5
2008-09-08,Mendota,41.8
2008-10-08,Mendota,40.2
2008-10-29,Mendota,39.03
2008-11-08,Mendota,41.8
2008-12-08,Mendota,41.4
2009-01-09,Mendota,45.9
2009-01-21,Mendota,43.6
2009-02-09,Mendota,38.9
2009-03-09,Mendota,39.2
2009-04-09,Mendota,43.5
2009-04-15,Mendota,44.23
2009-05-09,Mendota,44.9
2009-06-09,Mendota,43.8
2009-07-09,Mendota,43.3
2009-08-05,Mendota,44.55
2009-08-09,Mendota,43.7
2009-09-09,Mendota,45.4
2009-10-09,Mendota,44.2
2009-10-28,Mendota,44.39
2009-11-09,Mendota,46.1
2009-12-09,Mendota,45.4
2010-01-10,Mendota,44.5
2010-02-01,Mendota,46.23
2010-02-10,Mendota,47.8
2010-03-10,Mendota,29.6
2010-04-10,Mendota,45.4
2010-04-13,Mendota,46.6
2010-05-10,Mendota,46.5
2010-06-10,Mendota,43.8
2010-07-10,Mendota,44.3
2010-08-03,Mendota,42.88
2010-08-10,Mendota,42
2010-09-10,Mendota,42.9
2010-10-10,Mendota,44.3
2010-11-09,Mendota,44.1
2010-11-10,Mendota,43.8
2011-01-11,Mendota,48.1
2011-01-19,Mendota,46.45
2011-02-11,Mendota,46.4
2011-03-11,Mendota,44.9
2011-04-11,Mendota,46.4
2011-05-11,Mendota,43.2
2011-05-17,Mendota,46.71
2011-06-11,Mendota,46.5
2011-07-11,Mendota,44.4
2011-08-04,Mendota,47.13
2011-08-11,Mendota,44.6
2011-09-11,Mendota,44.5
2011-10-11,Mendota,44.2
2011-10-31,Mendota,47.26
2011-11-11,Mendota,44.3
2011-12-11,Mendota,43.4
2012-01-12,Mendota,45.2
2012-02-12,Mendota,43.4
2012-02-22,Mendota,48.64
2012-03-12,Mendota,46.4
2012-04-12,Mendota,48.2
2012-04-17,Mendota,48.68
2012-05-12,Mendota,45
2012-06-12,Mendota,46.6
2012-08-06,Mendota,50.15
2012-08-12,Mendota,49.5
2012-09-12,Mendota,47.3
2012-10-12,Mendota,48
2012-10-29,Mendota,49.77
2012-11-12,Mendota,48
2012-12-12,Mendota,47.1
2013-02-12,Mendota,50.96
2013-02-13,Mendota,47.3
2013-03-13,Mendota,54.1
2013-04-29,Mendota,52.36
2013-05-13,Mendota,48.8
2013-06-13,Mendota,51.9
2013-07-13,Mendota,46.2
2013-08-05,Mendota,49.6
2013-08-13,Mendota,46.8
2013-09-13,Mendota,52.1
2013-10-13,Mendota,49.2
2013-10-29,Mendota,50.79
2014-02-03,Mendota,55.87
2014-03-14,Mendota,47.8
2014-04-14,Mendota,53.4
2014-04-29,Mendota,52.66
2014-06-14,Mendota,48.2
2014-07-14,Mendota,49.2
2014-08-04,Mendota,51.1
2014-08-14,Mendota,48.9
2014-09-14,Mendota,49.2
2014-10-14,Mendota,49.5
2014-10-30,Mendota,51.24
2014-12-13,Mendota,48.3
2014-12-14,Mendota,49.9
2015-02-11,Mendota,55.31
2015-04-15,Mendota,51
2015-04-24,Mendota,52.58
2015-06-15,Mendota,49.8
2015-07-15,Mendota,52.4
2015-08-03,Mendota,53.77
2015-08-15,Mendota,51.5
2015-09-15,Mendota,48.8
2015-10-15,Mendota,49.5
2015-11-02,Mendota,53.31
2016-01-27,Mendota,53.75
2016-02-16,Mendota,45.7
2016-03-16,Mendota,48.9
2016-04-12,Mendota,53.26
2016-04-16,Mendota,53
2016-06-16,Mendota,47.5
2016-07-16,Mendota,48.6
2016-08-01,Mendota,52.15
2016-08-16,Mendota,52
2016-09-16,Mendota,49.1
2016-10-16,Mendota,48.5
2016-11-09,Mendota,51.23
2016-12-16,Mendota,45.1
2017-01-17,Mendota,49.9
2017-02-06,Mendota,42.89
2017-03-17,Mendota,48.9
2017-04-17,Mendota,51.1
2017-04-17,Mendota,55.84
2017-05-17,Mendota,51.6
2017-06-17,Mendota,50.1
2017-07-17,Mendota,46.7
2017-08-07,Mendota,53.12
2017-10-17,Mendota,51
2017-11-02,Mendota,54.89
2017-12-17,Mendota,49.5
2018-01-18,Mendota,54.4
2018-01-23,Mendota,56.67
2018-02-18,Mendota,50.6
2018-04-18,Mendota,52.1
2018-05-18,Mendota,51.4
2018-06-18,Mendota,49.8
2018-07-18,Mendota,51.4
2018-08-06,Mendota,55.64
2018-08-18,Mendota,45.9
2018-09-18,Mendota,47.2
2018-10-29,Mendota,51.69
2018-11-18,Mendota,49
2018-12-18,Mendota,47.6
2019-02-19,Mendota,50.6
2019-02-21,Mendota,54.85
2019-04-15,Mendota,54.33
2019-04-19,Mendota,50.9
2019-06-19,Mendota,49.9
2019-08-05,Mendota,51.38
2019-08-19,Mendota,49.7
2019-09-19,Mendota,49.8
2019-10-19,Mendota,47.5
2019-10-28,Mendota,50.72
2019-12-19,Mendota,52.2
2020-02-12,Mendota,52.77
2021-03-03,Mendota,52.47
2021-05-17,Mendota,53.66
2021-08-12,Mendota,51.96
2021-11-04,Mendota,53.02
2022-02-08,Mendota,62.93
2022-05-16,Mendota,60
2022-08-09,Mendota,53.95
2022-11-01,Mendota,54.1
1940-07-01,Monona,8
1941-07-01,Monona,6
1942-07-01,Monona,6
1943-07-01,Monona,8
1944-07-01,Monona,8
1945-07-01,Monona,10
1946-07-01,Monona,8
1947-07-01,Monona,12
1962-07-01,Monona,15
1963-07-01,Monona,15
1964-07-01,Monona,20
1965-07-01,Monona,21
1966-07-01,Monona,20
1967-07-01,Monona,21
1968-07-01,Monona,22
1969-07-01,Monona,22
1970-07-01,Monona,23
1972-05-01,Monona,28.8
1972-10-01,Monona,26.5
1973-03-01,Monona,25
1973-04-01,Monona,26.5
1973-10-01,Monona,22
1974-02-01,Monona,25
1974-05-01,Monona,22
1974-06-01,Monona,22
1974-09-01,Monona,22
1974-10-01,Monona,21
1974-12-01,Monona,22
1975-01-01,Monona,21.8
1975-02-01,Monona,23.5
1975-03-01,Monona,26
1975-04-01,Monona,27.2
1975-05-01,Monona,25.5
1975-07-01,Monona,21
1975-08-01,Monona,20.5
1975-09-01,Monona,21.2
1975-10-01,Monona,15
1975-11-01,Monona,21.5
1975-12-01,Monona,21
1976-01-01,Monona,22.8
1976-02-01,Monona,22
1976-03-01,Monona,23
1976-04-01,Monona,23.8
1976-05-01,Monona,21
1976-06-01,Monona,21.5
1976-07-01,Monona,22
1976-08-01,Monona,20
1976-09-01,Monona,22
1976-10-01,Monona,23
1976-11-01,Monona,21
1976-12-01,Monona,25
1977-01-01,Monona,24
1977-02-01,Monona,27
1977-03-01,Monona,26
1977-04-01,Monona,25
1977-05-01,Monona,24
1977-06-01,Monona,22
1977-07-01,Monona,22
1977-08-01,Monona,19
1977-09-01,Monona,23
1977-10-01,Monona,21
1977-11-01,Monona,22
1977-12-01,Monona,24
1978-01-01,Monona,22
1978-02-01,Monona,23
1978-03-01,Monona,25
1978-04-01,Monona,22
1978-05-01,Monona,23
1978-06-01,Monona,22
1978-07-01,Monona,19
1978-08-01,Monona,17
1978-09-01,Monona,34
1978-10-01,Monona,36
1978-11-01,Monona,23
1978-12-01,Monona,22
1979-01-01,Monona,22
1979-02-01,Monona,20
1979-03-01,Monona,25
1979-04-01,Monona,25
1979-05-01,Monona,24
1979-06-01,Monona,24
1979-07-01,Monona,24
1979-08-01,Monona,24
1979-09-01,Monona,23
1979-10-01,Monona,23
1979-11-01,Monona,23
1979-12-01,Monona,22
1980-01-01,Monona,24
1980-02-01,Monona,24
1980-03-01,Monona,26
1980-04-01,Monona,26
1980-05-01,Monona,29
1980-06-01,Monona,25
1980-07-01,Monona,26
1980-08-01,Monona,23
1980-09-01,Monona,27
1980-10-01,Monona,26
1980-11-01,Monona,24
1980-12-01,Monona,24
1981-01-01,Monona,25
1981-02-01,Monona,26
1981-03-01,Monona,24
1981-04-01,Monona,25
1981-05-01,Monona,24
1981-06-01,Monona,26
1981-07-01,Monona,25
1981-08-01,Monona,25
1981-11-01,Monona,23
1981-12-01,Monona,24
1982-01-01,Monona,25
1982-02-01,Monona,26
1982-03-01,Monona,26
1982-04-01,Monona,31
1982-05-01,Monona,27
1982-06-01,Monona,21
1982-07-01,Monona,26
1982-08-01,Monona,26
1982-10-01,Monona,26
1982-11-01,Monona,25
1982-12-01,Monona,24
1983-01-01,Monona,24
1983-02-01,Monona,26
1983-03-01,Monona,25
1983-04-01,Monona,27
1983-05-01,Monona,27
1983-06-01,Monona,25
1983-07-01,Monona,23
1983-08-01,Monona,27
1983-09-01,Monona,25
1983-10-01,Monona,26
1983-11-01,Monona,26
1983-12-01,Monona,25
1984-01-01,Monona,28
1984-02-01,Monona,28
1984-03-01,Monona,26
1984-04-01,Monona,25
1984-05-01,Monona,30.2
1984-06-01,Monona,27.6
1984-07-01,Monona,26
1984-08-01,Monona,26
1984-09-01,Monona,24
1984-10-01,Monona,26
1984-11-01,Monona,24
1984-12-01,Monona,26
1985-01-01,Monona,26
1985-02-01,Monona,27
1985-03-01,Monona,27
1985-04-01,Monona,30
1985-05-01,Monona,27
1985-06-01,Monona,26.5
1985-07-01,Monona,32
1985-08-01,Monona,28
1985-09-01,Monona,28
1985-10-01,Monona,26
1985-11-01,Monona,29
1985-12-01,Monona,26
1986-01-01,Monona,28
1986-02-01,Monona,27
1986-03-01,Monona,28
1986-04-01,Monona,26
1986-05-01,Monona,29
1986-06-01,Monona,32.5
1986-07-01,Monona,30
1986-08-01,Monona,28.4
1986-09-01,Monona,29
1986-10-01,Monona,29.2
1986-11-01,Monona,29.2
1986-12-01,Monona,29.4
1987-01-01,Monona,27.8
1987-02-01,Monona,31
1987-03-01,Monona,27.3
1987-04-01,Monona,29.7
1987-05-01,Monona,28.3
1987-06-01,Monona,29.2
1987-07-01,Monona,28.1
1987-08-01,Monona,31
1987-09-01,Monona,29.4
1987-10-01,Monona,31
1987-11-01,Monona,30
1987-12-01,Monona,29.2
1988-01-01,Monona,32
1988-02-01,Monona,30.6
1988-03-01,Monona,32.3
1988-04-01,Monona,34.3
1988-05-01,Monona,33.8
1988-06-01,Monona,36.4
1988-07-01,Monona,33.6
1988-08-01,Monona,35.8
1988-09-01,Monona,37.5
1988-10-01,Monona,35.2
1988-11-01,Monona,32.2
1988-12-01,Monona,32.6
1989-01-01,Monona,36.2
1989-02-01,Monona,38.2
1989-03-01,Monona,39.4
1989-04-01,Monona,37.8
1989-05-01,Monona,39.4
1989-06-01,Monona,38.4
1989-07-01,Monona,38.2
1989-08-01,Monona,35.8
1989-09-01,Monona,33
1989-10-01,Monona,39.2
1989-11-01,Monona,37.9
1989-12-01,Monona,37.5
1990-01-01,Monona,40
1990-02-01,Monona,42.1
1990-03-01,Monona,43.7
1990-04-01,Monona,38.3
1990-05-01,Monona,40.2
1990-06-01,Monona,39.1
1990-07-01,Monona,32
1990-08-01,Monona,36.1
1990-09-01,Monona,36.9
1990-11-01,Monona,31.4
1990-12-01,Monona,32.5
1991-01-01,Monona,35.4
1991-02-01,Monona,38.2
1991-03-01,Monona,38.7
1991-04-01,Monona,45.4
1991-05-01,Monona,42.2
1991-06-01,Monona,39.1
1991-07-01,Monona,37.3
1991-08-01,Monona,43.2
1991-09-01,Monona,42.2
1991-10-01,Monona,40.2
1991-11-01,Monona,41.4
1991-12-01,Monona,37.5
1992-01-01,Monona,38.3
1992-02-01,Monona,43.2
1992-03-01,Monona,36.5
1992-04-01,Monona,40.7
1992-05-01,Monona,39.3
1992-06-01,Monona,39.5
1992-07-01,Monona,42.5
1992-08-01,Monona,41.2
1992-09-01,Monona,40.5
1992-10-01,Monona,41.3
1992-11-01,Monona,39.4
1992-12-01,Monona,38.8
1993-02-01,Monona,41.3
1993-03-01,Monona,37
1993-07-01,Monona,41.3
1993-10-01,Monona,37.7
1993-11-01,Monona,36.8
1993-12-01,Monona,38.7
1994-02-01,Monona,39.3
1994-03-01,Monona,40.8
1994-06-01,Monona,40.4
1994-07-01,Monona,39.3
1994-08-01,Monona,41.3
1994-09-01,Monona,39
1994-10-01,Monona,38.8
1994-11-01,Monona,36.6
1994-12-01,Monona,38.3
1995-01-01,Monona,38.3
1995-03-01,Monona,37.6
1995-04-01,Monona,39.6
1995-05-01,Monona,39.5
1995-06-01,Monona,39.2
1995-07-01,Monona,39.9
1995-08-01,Monona,39.5
1995-09-01,Monona,38.7
1995-10-01,Monona,38.6
1996-01-01,Monona,42.2
1996-03-01,Monona,41.2
1996-04-01,Monona,45.2
1996-05-01,Monona,46
1996-05-01,Monona,43.72
1996-06-01,Monona,39.9
1996-08-05,Monona,39.51
1996-09-01,Monona,41.1
1996-11-01,Monona,44.4
1996-11-25,Monona,23.52
1996-12-01,Monona,43.6
1997-01-01,Monona,46.7
1997-02-01,Monona,44.5
1997-03-01,Monona,46.3
1997-04-01,Monona,56.9
1997-05-01,Monona,35.6
1997-05-01,Monona,49.05
1997-06-01,Monona,48
1997-07-01,Monona,41.8
1997-08-07,Monona,45.94
1997-09-01,Monona,49.9
1997-11-01,Monona,49.9
1997-11-25,Monona,46.76
1998-04-27,Monona,47.01
1998-06-01,Monona,43.8
1998-07-01,Monona,42.6
1998-08-02,Monona,41.76
1998-09-01,Monona,40.1
1998-10-01,Monona,40.4
1998-10-27,Monona,21.53
1998-12-01,Monona,40.5
1999-02-01,Monona,43.2
1999-03-01,Monona,42
1999-04-12,Monona,49.97
1999-05-01,Monona,45.8
1999-07-01,Monona,40.5
1999-07-07,Monona,43.77
1999-08-01,Monona,41
1999-09-01,Monona,42.2
1999-10-01,Monona,42.8
1999-10-26,Monona,44.4
1999-12-01,Monona,42.2
2000-02-01,Monona,41.3
2000-04-01,Monona,45.3
2000-04-10,Monona,46.79
2000-05-01,Monona,45.1
2000-06-01,Monona,39
2000-07-01,Monona,37.5
2000-07-03,Monona,40.04
2000-08-01,Monona,36.9
2000-09-01,Monona,36.3
2000-10-01,Monona,41.4
2000-10-24,Monona,38.86
2000-11-01,Monona,42.1
2001-01-01,Monona,42.2
2001-01-15,Monona,37.91
2001-03-01,Monona,44
2001-04-01,Monona,45.3
2001-04-25,Monona,46.3
2001-05-01,Monona,46.6
2001-06-01,Monona,45.5
2001-07-01,Monona,45.1
2001-07-30,Monona,44.1
2001-10-01,Monona,40.7
2001-10-22,Monona,40.33
2001-11-01,Monona,43
2001-12-01,Monona,43.3
2002-01-02,Monona,43.8
2002-02-02,Monona,43.4
2002-03-02,Monona,47.5
2002-04-02,Monona,46.9
2002-04-23,Monona,41.08
2002-05-02,Monona,46.3
2002-06-02,Monona,45.1
2002-07-02,Monona,45.8
2002-07-16,Monona,40.35
2002-08-02,Monona,46
2002-09-02,Monona,46.8
2002-10-02,Monona,43.1
2002-10-22,Monona,45.95
2002-11-02,Monona,46.7
2002-12-02,Monona,47.2
2003-01-03,Monona,46.9
2003-02-03,Monona,46.9
2003-02-13,Monona,48.35
2003-03-03,Monona,47.6
2003-04-03,Monona,50.7
2003-04-15,Monona,49.67
2003-05-03,Monona,46.8
2003-06-03,Monona,47.5
2003-07-03,Monona,47.6
2003-08-03,Monona,48.6
2003-08-05,Monona,49.12
2003-09-03,Monona,50.9
2003-10-03,Monona,47.2
2003-10-29,Monona,49.45
2003-11-03,Monona,45
2003-12-03,Monona,43.6
2004-01-04,Monona,47.5
2004-02-04,Monona,47.4
2004-02-17,Monona,47
2004-03-04,Monona,48.7
2004-04-04,Monona,48.3
2004-04-13,Monona,50.81
2004-05-04,Monona,57.3
2004-06-04,Monona,43.6
2004-07-04,Monona,46
2004-08-04,Monona,41.5
2004-08-05,Monona,4.58
2004-09-04,Monona,41.6
2004-10-04,Monona,42.1
2004-11-04,Monona,46.8
2004-11-04,Monona,45.68
2004-12-04,Monona,44.4
2005-01-05,Monona,46.2
2005-02-03,Monona,46.04
2005-02-05,Monona,47.8
2005-03-05,Monona,48.7
2005-04-05,Monona,51.5
2005-04-18,Monona,59.46
2005-05-05,Monona,50.8
2005-06-05,Monona,52.7
2005-07-05,Monona,55.5
2005-08-03,Monona,56.51
2005-08-05,Monona,53.6
2005-09-05,Monona,53.3
2005-10-05,Monona,53.8
2005-11-03,Monona,57.82
2005-11-05,Monona,53.5
2005-12-05,Monona,59.1
2006-01-06,Monona,50.7
2006-02-06,Monona,54.8
2006-03-06,Monona,67.5
2006-04-19,Monona,64.08
2006-05-06,Monona,52.1
2006-06-06,Monona,52.5
2006-07-06,Monona,52
2006-08-06,Monona,51.6
2006-08-08,Monona,54.29
2006-09-06,Monona,50.3
2006-10-06,Monona,50.3
2006-10-30,Monona,53.71
2006-11-06,Monona,48.9
2006-12-06,Monona,47.9
2007-01-05,Monona,52.36
2007-01-07,Monona,50.3
2007-02-07,Monona,53.1
2007-02-26,Monona,50.57
2007-03-07,Monona,52
2007-04-07,Monona,53.7
2007-04-17,Monona,54.82
2007-06-07,Monona,52.2
2007-07-07,Monona,52.5
2007-08-07,Monona,49.59
2007-09-07,Monona,51.1
2007-10-07,Monona,47.4
2007-10-29,Monona,49.06
2007-11-07,Monona,46.5
2008-03-03,Monona,52.45
2008-03-08,Monona,61.1
2008-04-08,Monona,55.6
2008-04-17,Monona,67.12
2008-05-08,Monona,60.6
2008-06-08,Monona,53.5
2008-07-08,Monona,49.7
2008-08-05,Monona,50.57
2008-08-08,Monona,51.4
2008-09-08,Monona,53.2
2008-10-08,Monona,52.5
2008-10-31,Monona,51.03
2008-11-08,Monona,53.4
2008-12-08,Monona,52.9
2009-01-09,Monona,52.2
2009-02-05,Monona,52.61
2009-02-09,Monona,55
2009-03-09,Monona,57.1
2009-04-09,Monona,60.6
2009-04-17,Monona,62.9
2009-05-09,Monona,57.9
2009-06-09,Monona,55
2009-07-09,Monona,53.3
2009-08-04,Monona,58.35
2009-08-09,Monona,56.6
2009-09-09,Monona,56.7
2009-10-09,Monona,47.3
2009-10-30,Monona,58.62
2009-11-09,Monona,51.3
2009-12-09,Monona,56.5
2010-01-10,Monona,53.6
2010-02-03,Monona,58.37
2010-02-10,Monona,54.6
2010-03-10,Monona,56.8
2010-04-10,Monona,59.5
2010-04-12,Monona,65.25
2010-05-10,Monona,61.2
2010-06-10,Monona,54.1
2010-07-10,Monona,54
2010-08-04,Monona,54.95
2010-08-10,Monona,56.1
2010-09-10,Monona,56.9
2010-10-10,Monona,52.6
2010-11-02,Monona,54.56
2010-11-10,Monona,55.3
2011-01-11,Monona,53.5
2011-01-26,Monona,57.84
2011-02-11,Monona,53.5
2011-03-11,Monona,54.1
2011-04-11,Monona,65.8
2011-05-11,Monona,62.1
2011-05-17,Monona,64.52
2011-06-11,Monona,61.8
2011-07-11,Monona,59.7
2011-08-09,Monona,63.72
2011-08-11,Monona,62.6
2011-09-11,Monona,61
2011-10-11,Monona,61.8
2011-11-01,Monona,64.63
2011-11-11,Monona,61.6
2011-12-11,Monona,59
2012-01-12,Monona,61.5
2012-02-12,Monona,64
2012-03-12,Monona,61.2
2012-04-12,Monona,69
2012-04-18,Monona,68.55
2012-05-12,Monona,65.2
2012-06-12,Monona,66.9
2012-08-07,Monona,68.9
2012-08-12,Monona,69.7
2012-09-12,Monona,68.6
2012-10-12,Monona,67.4
2012-11-01,Monona,67.52
2012-11-12,Monona,64.8
2012-12-12,Monona,65.2
2013-02-05,Monona,68.97
2013-02-13,Monona,71.1
2013-03-13,Monona,78.3
2013-05-08,Monona,79.43
2013-05-13,Monona,78.6
2013-06-13,Monona,71.3
2013-07-13,Monona,65.2
2013-08-06,Monona,65.13
2013-08-13,Monona,63.1
2013-09-13,Monona,65.4
2013-10-13,Monona,68.7
2013-10-30,Monona,69.37
2014-02-14,Monona,68.1
2014-03-13,Monona,71.13
2014-03-14,Monona,70.2
2014-04-14,Monona,76.9
2014-04-30,Monona,77.29
2014-06-14,Monona,68.4
2014-07-14,Monona,69.5
2014-08-05,Monona,68.13
2014-08-14,Monona,66.3
2014-09-14,Monona,66.3
2014-10-14,Monona,69.4
2014-11-05,Monona,68.64
2014-12-13,Monona,67.4
2014-12-14,Monona,67.3
2015-01-15,Monona,67
2015-02-15,Monona,68.8
2015-03-06,Monona,72.02
2015-04-14,Monona,71.74
2015-04-15,Monona,73.6
2015-06-15,Monona,71.1
2015-07-15,Monona,65.1
2015-08-04,Monona,71.86
2015-08-15,Monona,68.3
2015-09-15,Monona,67.8
2015-10-15,Monona,67
2015-11-03,Monona,67.54
2016-02-04,Monona,65.5
2016-02-16,Monona,64.6
2016-03-16,Monona,69.4
2016-04-13,Monona,71.7
2016-04-16,Monona,71.2
2016-06-16,Monona,67.1
2016-07-16,Monona,68.1
2016-08-02,Monona,67.94
2016-08-16,Monona,68.3
2016-09-16,Monona,65.2
2016-10-16,Monona,61.6
2016-11-10,Monona,63.9
2016-12-16,Monona,58.9
2017-01-17,Monona,58.9
2017-02-13,Monona,64.98
2017-03-17,Monona,64.5
2017-04-17,Monona,76.1
2017-04-19,Monona,78.75
2017-05-17,Monona,71.3
2017-06-17,Monona,70.7
2017-07-17,Monona,65.4
2017-08-08,Monona,69
2017-08-17,Monona,64.8
2017-10-17,Monona,64.4
2017-11-03,Monona,70.32
2017-12-17,Monona,68.2
2018-01-18,Monona,66.5
2018-01-24,Monona,64
2018-02-18,Monona,67.1
2018-04-18,Monona,70.2
2018-04-24,Monona,76.63
2018-05-18,Monona,70.7
2018-06-18,Monona,64.6
2018-07-18,Monona,63.7
2018-08-07,Monona,69.43
2018-08-18,Monona,58.6
2018-09-18,Monona,57.2
2018-10-31,Monona,63.17
2018-11-18,Monona,59.6
2018-12-18,Monona,57.3
2019-02-19,Monona,64.3
2019-02-27,Monona,65.64
2019-04-16,Monona,79.19
2019-04-19,Monona,79.7
2019-06-19,Monona,67.8
2019-08-06,Monona,66.08
2019-10-29,Monona,64.71
2019-12-19,Monona,65.1
2020-02-27,Monona,65.33
2021-03-03,Monona,64.88
2021-04-28,Monona,72.24
2021-08-13,Monona,70.79
2021-11-08,Monona,70.25
2022-02-01,Monona,82.58
2022-05-19,Monona,87.1
2022-08-10,Monona,71.07
2022-11-02,Monona,66.92
1970-11-01,Waubesa,21.8
1972-05-01,Waubesa,25.5
1972-10-01,Waubesa,25.2
1973-04-01,Waubesa,25
1973-10-01,Waubesa,23
1974-04-01,Waubesa,21
1974-06-01,Waubesa,22
1974-09-01,Waubesa,21
1974-10-01,Waubesa,22
1974-12-01,Waubesa,22
1975-01-01,Waubesa,21.5
1975-02-01,Waubesa,22
1975-03-01,Waubesa,23.2
1975-04-01,Waubesa,21.5
1975-05-01,Waubesa,22.2
1975-06-01,Waubesa,22
1975-07-01,Waubesa,22
1975-08-01,Waubesa,22
1975-09-01,Waubesa,21.8
1975-10-01,Waubesa,21.2
1975-11-01,Waubesa,22.5
1975-12-01,Waubesa,21
1976-01-01,Waubesa,22
1976-02-01,Waubesa,23
1976-03-01,Waubesa,30
1976-04-01,Waubesa,22.5
1976-05-01,Waubesa,21
1976-06-01,Waubesa,22
1976-07-01,Waubesa,23
1976-08-01,Waubesa,22
1976-09-01,Waubesa,23
1976-10-01,Waubesa,23
1976-11-01,Waubesa,22
1976-12-01,Waubesa,27
1977-01-01,Waubesa,25
1977-02-01,Waubesa,30
1977-03-01,Waubesa,26
1977-04-01,Waubesa,23
1977-05-01,Waubesa,22
1977-06-01,Waubesa,23
1977-07-01,Waubesa,33
1977-08-01,Waubesa,15
1977-09-01,Waubesa,22
1977-10-01,Waubesa,23
1977-11-01,Waubesa,23
1977-12-01,Waubesa,25
1978-01-01,Waubesa,25
1978-02-01,Waubesa,26
1978-03-01,Waubesa,28
1978-04-01,Waubesa,19
1978-05-01,Waubesa,22
1978-06-01,Waubesa,24
1978-07-01,Waubesa,19
1978-08-01,Waubesa,21
1978-09-01,Waubesa,55
1978-10-01,Waubesa,32
1978-11-01,Waubesa,24
1978-12-01,Waubesa,22
1979-01-01,Waubesa,24
1979-02-01,Waubesa,25
1979-03-01,Waubesa,24
1979-04-01,Waubesa,21
1979-05-01,Waubesa,23
1979-06-01,Waubesa,24
1979-07-01,Waubesa,24
1979-08-01,Waubesa,25
1979-09-01,Waubesa,23
1979-10-01,Waubesa,24
1979-11-01,Waubesa,24
1979-12-01,Waubesa,22
1980-01-01,Waubesa,24
1980-02-01,Waubesa,26
1980-03-01,Waubesa,26
1980-04-01,Waubesa,28
1980-05-01,Waubesa,27
1980-06-01,Waubesa,26
1980-07-01,Waubesa,25
1980-08-01,Waubesa,23
1980-09-01,Waubesa,24
1980-10-01,Waubesa,25
1980-11-01,Waubesa,25
1981-01-01,Waubesa,28
1981-02-01,Waubesa,27
1981-03-01,Waubesa,23
1981-04-01,Waubesa,25
1981-05-01,Waubesa,25
1981-06-01,Waubesa,27
1981-07-01,Waubesa,25
1981-08-01,Waubesa,25
1981-11-01,Waubesa,23
1981-12-01,Waubesa,24
1982-01-01,Waubesa,26
1982-02-01,Waubesa,27
1982-03-01,Waubesa,27
1982-04-01,Waubesa,25
1982-05-01,Waubesa,27
1982-06-01,Waubesa,25
1982-07-01,Waubesa,26
1982-08-01,Waubesa,26
1982-10-01,Waubesa,27
1982-11-01,Waubesa,26
1982-12-01,Waubesa,25
1983-01-01,Waubesa,25
1983-02-01,Waubesa,25
1983-03-01,Waubesa,27
1983-04-01,Waubesa,27
1983-05-01,Waubesa,28
1983-06-01,Waubesa,26
1983-07-01,Waubesa,24
1983-08-01,Waubesa,27
1983-09-01,Waubesa,26
1983-10-01,Waubesa,28
1983-11-01,Waubesa,28
1983-12-01,Waubesa,27
1984-01-01,Waubesa,35
1984-02-01,Waubesa,29.5
1984-03-01,Waubesa,28
1984-04-01,Waubesa,25
1984-05-01,Waubesa,27
1984-06-01,Waubesa,27
1984-07-01,Waubesa,26.5
1984-08-01,Waubesa,26
1984-09-01,Waubesa,26
1984-10-01,Waubesa,28
1984-11-01,Waubesa,28
1984-12-01,Waubesa,26.5
1985-01-01,Waubesa,28
1985-02-01,Waubesa,30
1985-03-01,Waubesa,30.5
1985-04-01,Waubesa,27
1985-05-01,Waubesa,28
1985-06-01,Waubesa,28
1985-07-01,Waubesa,28
1985-08-01,Waubesa,28
1985-09-01,Waubesa,27
1985-10-01,Waubesa,27
1985-11-01,Waubesa,29
1985-12-01,Waubesa,27
1986-01-01,Waubesa,30
1986-02-01,Waubesa,30
1986-03-01,Waubesa,31
1986-04-01,Waubesa,21
1986-05-01,Waubesa,29
1986-06-01,Waubesa,30.5
1986-07-01,Waubesa,32.8
1986-08-01,Waubesa,30
1986-10-01,Waubesa,31.4
1986-11-01,Waubesa,29.4
1986-12-01,Waubesa,30.2
1987-01-01,Waubesa,29.2
1987-02-01,Waubesa,32
1987-03-01,Waubesa,29.9
1987-04-01,Waubesa,30.3
1987-05-01,Waubesa,32.5
1987-06-01,Waubesa,28.9
1987-07-01,Waubesa,28.8
1987-08-01,Waubesa,30
1987-09-01,Waubesa,29.4
1987-10-01,Waubesa,28
1987-11-01,Waubesa,33
1987-12-01,Waubesa,31.3
1988-01-01,Waubesa,29.2
1988-02-01,Waubesa,32.2
1988-03-01,Waubesa,33.8
1988-04-01,Waubesa,31
1988-05-01,Waubesa,29.8
1988-06-01,Waubesa,32.9
1988-07-01,Waubesa,32.1
1988-08-01,Waubesa,34.5
1988-09-01,Waubesa,35.9
1988-10-01,Waubesa,34
1988-11-01,Waubesa,30.8
1988-12-01,Waubesa,30.6
1989-01-01,Waubesa,36.8
1989-02-01,Waubesa,37.2
1989-03-01,Waubesa,36.2
1989-04-01,Waubesa,36.8
1989-05-01,Waubesa,37.4
1989-06-01,Waubesa,54.2
1989-07-01,Waubesa,38.2
1989-08-01,Waubesa,31.8
1989-09-01,Waubesa,32
1989-10-01,Waubesa,36.6
1989-11-01,Waubesa,36.6
1989-12-01,Waubesa,38.1
1990-01-01,Waubesa,39.8
1990-02-01,Waubesa,43
1990-03-01,Waubesa,42.2
1990-04-01,Waubesa,38.3
1990-05-01,Waubesa,37.8
1990-06-01,Waubesa,37.2
1990-07-01,Waubesa,38.3
1990-08-01,Waubesa,36.8
1990-09-01,Waubesa,26.9
1990-11-01,Waubesa,38.3
1990-12-01,Waubesa,36.1
1991-01-01,Waubesa,40.7
1991-02-01,Waubesa,38.6
1991-04-01,Waubesa,39.5
1991-05-01,Waubesa,39.6
1991-06-01,Waubesa,40.5
1991-07-01,Waubesa,33.7
1991-08-01,Waubesa,41.3
1991-09-01,Waubesa,39.6
1991-10-01,Waubesa,39.8
1991-11-01,Waubesa,38.3
1991-12-01,Waubesa,36.1
1992-01-01,Waubesa,38.4
1992-02-01,Waubesa,40.3
1992-03-01,Waubesa,36.9
1992-04-01,Waubesa,38.4
1992-05-01,Waubesa,39.1
1992-06-01,Waubesa,38.6
1992-12-01,Waubesa,38.1
1993-02-01,Waubesa,43.3
1993-03-01,Waubesa,37.8
1993-07-01,Waubesa,41.2
1993-10-01,Waubesa,37.7
1993-11-01,Waubesa,37.5
1993-12-01,Waubesa,39.2
1994-02-01,Waubesa,39.1
1994-03-01,Waubesa,41.8
1994-06-01,Waubesa,39.7
1994-07-01,Waubesa,39.2
1994-08-01,Waubesa,39.9
1994-09-01,Waubesa,39
1994-10-01,Waubesa,38.4
1994-11-01,Waubesa,37.5
1994-12-01,Waubesa,39.1
1995-01-01,Waubesa,38.8
1995-03-01,Waubesa,36.8
1995-04-01,Waubesa,38.1
1995-05-01,Waubesa,38
1995-06-01,Waubesa,39.2
1995-07-01,Waubesa,39.1
1995-08-01,Waubesa,39.2
1995-09-01,Waubesa,39.6
1995-10-01,Waubesa,38.9
1996-01-01,Waubesa,43.8
1996-02-06,Waubesa,38.39
1996-03-01,Waubesa,44.1
1996-04-01,Waubesa,41.3
1996-05-01,Waubesa,41.5
1996-05-01,Waubesa,41.91
1996-06-01,Waubesa,35.8
1996-09-01,Waubesa,40.7
1996-11-01,Waubesa,22.37
1996-12-01,Waubesa,42.8
1997-01-01,Waubesa,45.1
1997-02-01,Waubesa,46
1997-02-20,Waubesa,43.6
1997-03-01,Waubesa,45.1
1997-04-01,Waubesa,47.4
1997-05-01,Waubesa,41
1997-05-05,Waubesa,47.68
1997-06-01,Waubesa,47.4
1997-07-01,Waubesa,45.3
1997-08-04,Waubesa,55.87
1997-09-01,Waubesa,51
1997-11-25,Waubesa,45.06
1998-01-01,Waubesa,46.6
1998-02-01,Waubesa,46.6
1998-04-01,Waubesa,45.8
1998-04-21,Waubesa,45.16
1998-06-01,Waubesa,45.2
1998-07-01,Waubesa,43.7
1998-08-06,Waubesa,43.67
1998-09-01,Waubesa,41.9
1998-10-01,Waubesa,39.9
1998-12-01,Waubesa,41.5
1999-02-01,Waubesa,45.9
1999-02-04,Waubesa,49.58
1999-03-01,Waubesa,42.1
1999-04-14,Waubesa,46.93
1999-05-01,Waubesa,41.8
1999-07-01,Waubesa,39.9
1999-07-08,Waubesa,43.48
1999-08-01,Waubesa,42
1999-09-01,Waubesa,41.9
1999-10-01,Waubesa,42
1999-10-27,Waubesa,44.08
1999-12-01,Waubesa,44.5
2000-01-01,Waubesa,44.9
2000-01-31,Waubesa,48.8
2000-02-01,Waubesa,40.4
2000-04-01,Waubesa,43.1
2000-04-11,Waubesa,44.58
2000-05-01,Waubesa,41.7
2000-06-01,Waubesa,38.8
2000-07-01,Waubesa,38.1
2000-07-05,Waubesa,40.53
2000-08-01,Waubesa,37.5
2000-09-01,Waubesa,38.2
2000-10-01,Waubesa,41.3
2000-10-26,Waubesa,39.72
2000-11-01,Waubesa,38.3
2001-01-01,Waubesa,44.1
2001-01-16,Waubesa,39.43
2001-02-01,Waubesa,47
2001-03-01,Waubesa,47.3
2001-04-01,Waubesa,42.9
2001-04-25,Waubesa,41.01
2001-05-01,Waubesa,46.9
2001-06-01,Waubesa,46.7
2001-07-01,Waubesa,47.9
2001-07-31,Waubesa,42.95
2001-10-01,Waubesa,44.1
2001-10-23,Waubesa,40.3
2001-11-01,Waubesa,45.4
2001-12-01,Waubesa,45
2002-01-02,Waubesa,47.4
2002-02-02,Waubesa,45
2002-03-02,Waubesa,44.9
2002-04-02,Waubesa,46.1
2002-04-22,Waubesa,39.96
2002-05-02,Waubesa,46.2
2002-06-02,Waubesa,45.7
2002-07-02,Waubesa,46.9
2002-07-19,Waubesa,38.74
2002-08-02,Waubesa,47.2
2002-09-02,Waubesa,47.2
2002-10-02,Waubesa,43.9
2002-10-24,Waubesa,14.54
2002-11-02,Waubesa,44.1
2002-12-02,Waubesa,45.4
2003-01-03,Waubesa,46.9
2003-02-03,Waubesa,47.4
2003-02-10,Waubesa,49.07
2003-03-03,Waubesa,44
2003-04-03,Waubesa,44.6
2003-04-17,Waubesa,45.01
2003-05-03,Waubesa,44.6
2003-06-03,Waubesa,46.1
2003-07-03,Waubesa,45.5
2003-08-03,Waubesa,47.7
2003-08-07,Waubesa,47.94
2003-09-03,Waubesa,46.9
2003-10-03,Waubesa,46.8
2003-11-03,Waubesa,44.5
2003-12-03,Waubesa,46.3
2004-01-04,Waubesa,47.2
2004-02-04,Waubesa,48.5
2004-02-10,Waubesa,53.14
2004-03-04,Waubesa,46.3
2004-04-04,Waubesa,46.6
2004-04-15,Waubesa,48.77
2004-05-04,Waubesa,46.7
2004-06-04,Waubesa,42.6
2004-07-04,Waubesa,41.8
2004-08-04,Waubesa,41.7
2004-08-04,Waubesa,45.67
2004-09-04,Waubesa,41.5
2004-10-04,Waubesa,42.6
2004-11-04,Waubesa,42.6
2004-11-09,Waubesa,22.7
2004-12-04,Waubesa,43.5
2005-01-05,Waubesa,49.6
2005-02-05,Waubesa,53.6
2005-03-02,Waubesa,19.51
2005-03-05,Waubesa,52.3
2005-04-05,Waubesa,46.4
2005-05-05,Waubesa,47.2
2005-06-05,Waubesa,49.3
2005-07-05,Waubesa,53.2
2005-08-04,Waubesa,51.77
2005-08-05,Waubesa,54
2005-09-05,Waubesa,50.4
2005-10-05,Waubesa,55.3
2005-10-26,Waubesa,18.32
2005-11-05,Waubesa,52.6
2005-12-05,Waubesa,53.9
2006-01-06,Waubesa,53.2
2006-02-06,Waubesa,52.9
2006-03-06,Waubesa,50.7
2006-05-06,Waubesa,51.6
2006-06-06,Waubesa,52.4
2006-07-06,Waubesa,52.2
2006-08-06,Waubesa,51.8
2006-08-09,Waubesa,52.98
2006-09-06,Waubesa,48
2006-10-06,Waubesa,48.4
2006-11-06,Waubesa,49.1
2006-11-08,Waubesa,52.75
2006-12-06,Waubesa,48.6
2007-01-07,Waubesa,51.4
2007-02-07,Waubesa,58.7
2007-03-07,Waubesa,53.5
2007-04-07,Waubesa,50.3
2007-06-07,Waubesa,52.4
2007-07-07,Waubesa,53.1
2007-09-07,Waubesa,50.4
2007-10-07,Waubesa,47.6
2007-11-07,Waubesa,48.5
2008-01-08,Waubesa,56.3
2008-02-08,Waubesa,55.8
2008-03-08,Waubesa,61.6
2008-04-08,Waubesa,57.3
2008-04-17,Waubesa,56.16
2008-05-08,Waubesa,59.4
2008-06-08,Waubesa,54.8
2008-07-08,Waubesa,49.9
2008-08-06,Waubesa,51.64
2008-08-08,Waubesa,52.6
2008-09-08,Waubesa,53.7
2008-10-08,Waubesa,52.2
2008-11-03,Waubesa,49.18
2008-11-08,Waubesa,54
2008-12-08,Waubesa,55.1
2009-01-09,Waubesa,45
2009-02-09,Waubesa,54.2
2009-02-16,Waubesa,40.97
2009-03-09,Waubesa,52.9
2009-04-09,Waubesa,56.5
2009-04-24,Waubesa,60.16
2009-05-09,Waubesa,58.5
2009-06-09,Waubesa,55.5
2009-07-09,Waubesa,54.3
2009-08-03,Waubesa,17.16
2009-08-09,Waubesa,56.5
2009-09-09,Waubesa,57.3
2009-10-09,Waubesa,52.5
2009-11-04,Waubesa,57.59
2009-11-09,Waubesa,56.9
2009-12-09,Waubesa,53.8
2010-01-10,Waubesa,56.8
2010-02-10,Waubesa,60.6
2010-02-10,Waubesa,8.4
2010-03-10,Waubesa,57.7
2010-04-10,Waubesa,55
2010-04-15,Waubesa,59.12
2010-05-10,Waubesa,58.4
2010-06-10,Waubesa,55.1
2010-07-10,Waubesa,54.7
2010-08-05,Waubesa,55.29
2010-08-10,Waubesa,56.1
2010-09-10,Waubesa,55.5
2010-10-10,Waubesa,53.1
2010-11-10,Waubesa,55.9
2010-12-10,Waubesa,56.7
2011-01-11,Waubesa,57.5
2011-02-11,Waubesa,62.5
2011-02-23,Waubesa,33.67
2011-03-11,Waubesa,65.1
2011-04-11,Waubesa,55.9
2011-05-11,Waubesa,60.9
2011-05-20,Waubesa,63.14
2011-06-11,Waubesa,58
2011-07-11,Waubesa,62.7
2011-08-10,Waubesa,65.52
2011-08-11,Waubesa,63.3
2011-09-11,Waubesa,62
2011-10-11,Waubesa,62.6
2011-11-07,Waubesa,65.15
2011-11-11,Waubesa,61.9
2011-12-11,Waubesa,60.2
2012-01-12,Waubesa,61.8
2012-02-12,Waubesa,62.2
2012-03-12,Waubesa,61.7
2012-04-12,Waubesa,65.3
2012-05-12,Waubesa,63.8
2012-08-08,Waubesa,69.46
2012-11-07,Waubesa,69.24
2012-12-12,Waubesa,66.9
2013-02-13,Waubesa,72.1
2013-03-13,Waubesa,78.8
2013-05-13,Waubesa,72.1
2013-06-13,Waubesa,72.1
2013-07-13,Waubesa,64
2013-08-08,Waubesa,67.07
2013-08-13,Waubesa,65.1
2013-09-13,Waubesa,65.8
2013-10-13,Waubesa,68.6
2013-10-31,Waubesa,68.85
2014-01-14,Waubesa,73.8
2014-01-30,Waubesa,74.48
2014-02-14,Waubesa,78.6
2014-03-14,Waubesa,76.5
2014-04-14,Waubesa,70.2
2014-05-02,Waubesa,71.19
2014-06-14,Waubesa,70.2
2014-07-14,Waubesa,69.8
2014-08-06,Waubesa,70.12
2014-08-14,Waubesa,68.8
2014-09-14,Waubesa,69.6
2014-10-14,Waubesa,67.7
2014-11-07,Waubesa,69.28
2014-12-13,Waubesa,68.8
2014-12-14,Waubesa,72
2015-01-15,Waubesa,72.3
2015-02-15,Waubesa,73.2
2015-04-15,Waubesa,70.1
2015-04-17,Waubesa,68.78
2015-06-15,Waubesa,68.9
2015-08-05,Waubesa,72.1
2015-08-15,Waubesa,71.2
2015-09-15,Waubesa,68.8
2015-10-15,Waubesa,68.1
2015-11-03,Waubesa,70.82
2016-02-16,Waubesa,70
2016-02-17,Waubesa,72.99
2016-03-16,Waubesa,65.5
2016-04-14,Waubesa,71.48
2016-04-16,Waubesa,72.1
2016-06-16,Waubesa,69.2
2016-07-16,Waubesa,70.5
2016-08-03,Waubesa,69.25
2016-08-16,Waubesa,70.9
2016-09-16,Waubesa,64.2
2016-10-16,Waubesa,65.1
2016-11-15,Waubesa,65.06
2016-12-16,Waubesa,62.6
2017-01-17,Waubesa,70.4
2017-03-17,Waubesa,76.3
2017-04-17,Waubesa,75.8
2017-04-25,Waubesa,78.97
2017-05-17,Waubesa,68.1
2017-06-17,Waubesa,69.2
2017-07-17,Waubesa,63.5
2017-08-09,Waubesa,67
2017-08-17,Waubesa,63.6
2017-10-17,Waubesa,68.1
2017-11-06,Waubesa,70.22
2017-12-17,Waubesa,67.1
2018-01-18,Waubesa,68.9
2018-02-18,Waubesa,71.5
2018-04-18,Waubesa,63.5
2018-04-26,Waubesa,74.36
2018-05-18,Waubesa,70.4
2018-06-18,Waubesa,57.7
2018-07-18,Waubesa,61
2018-08-09,Waubesa,66.9
2018-08-18,Waubesa,59.5
2018-09-18,Waubesa,59.9
2018-11-01,Waubesa,62.43
2018-11-18,Waubesa,61.1
2018-12-18,Waubesa,61.8
2019-02-19,Waubesa,71.9
2019-04-19,Waubesa,71.8
2019-06-19,Waubesa,73.2
2019-08-19,Waubesa,67.8
2019-09-19,Waubesa,67.1
2019-10-19,Waubesa,51.1
2019-12-19,Waubesa,66.7
2022-05-18,Waubesa,82.03
2022-08-12,Waubesa,73.78
2022-11-07,Waubesa,69.8
1940-01-31,Wingra,9.4
1940-03-11,Wingra,6
1940-05-28,Wingra,7.44
1940-06-25,Wingra,4.9
1940-07-30,Wingra,7.52
1940-08-27,Wingra,2.44
1940-09-10,Wingra,1.62
1940-10-30,Wingra,4.8
1940-12-18,Wingra,1.74
1941-01-27,Wingra,2.08
1941-03-07,Wingra,6.75
1941-05-19,Wingra,4.05
1941-06-17,Wingra,3.32
1941-07-08,Wingra,16.42
1941-07-29,Wingra,5.07
1941-08-20,Wingra,2.2
1941-09-10,Wingra,2.82
1941-10-02,Wingra,2.39
1941-11-10,Wingra,2.12
1962-03-15,Wingra,13
1962-03-22,Wingra,11
1962-03-26,Wingra,10
1962-03-30,Wingra,8
1962-04-23,Wingra,14
1962-06-12,Wingra,14
1962-10-24,Wingra,14
1963-03-08,Wingra,15
1963-04-02,Wingra,14
1964-02-11,Wingra,19
1964-10-15,Wingra,19
1965-02-10,Wingra,35
1965-11-03,Wingra,34
1966-09-15,Wingra,27
1967-10-17,Wingra,30
1968-09-13,Wingra,26
1969-09-09,Wingra,48
1970-04-03,Wingra,42
1970-10-01,Wingra,39
1970-10-22,Wingra,39
1971-02-01,Wingra,44
1971-05-01,Wingra,49
1971-10-01,Wingra,50
1972-03-01,Wingra,50
1972-05-01,Wingra,65
1972-10-01,Wingra,58
1972-11-01,Wingra,58
1973-01-01,Wingra,56
1973-03-01,Wingra,71
1973-04-01,Wingra,70
1973-06-01,Wingra,64
1973-06-01,Wingra,58
1973-07-01,Wingra,64
1973-09-01,Wingra,65
1973-10-01,Wingra,62
1974-01-01,Wingra,63.2
1974-02-01,Wingra,58.5
1974-03-01,Wingra,51
1974-04-01,Wingra,51
1974-05-01,Wingra,50.5
1974-06-01,Wingra,48
1974-07-01,Wingra,50
1974-09-01,Wingra,50
1974-10-01,Wingra,49
1974-12-01,Wingra,49.5
1975-01-01,Wingra,52
1975-02-01,Wingra,52
1975-03-01,Wingra,53.2
1975-04-01,Wingra,45
1975-05-01,Wingra,49.5
1975-06-01,Wingra,47
1975-07-01,Wingra,43
1975-08-01,Wingra,41
1975-09-01,Wingra,42
1975-10-01,Wingra,45
1975-11-01,Wingra,42.5
1975-12-01,Wingra,41.5
1976-01-01,Wingra,46
1976-02-01,Wingra,43.8
1976-03-01,Wingra,43.5
1976-04-01,Wingra,48
1976-05-01,Wingra,47
1976-06-01,Wingra,47
1976-07-01,Wingra,56
1976-08-01,Wingra,52
1976-09-01,Wingra,56
1976-10-01,Wingra,58
1976-11-01,Wingra,55
1976-12-01,Wingra,60
1977-01-01,Wingra,65
1977-02-01,Wingra,69.3
1977-03-01,Wingra,60
1977-04-01,Wingra,50
1977-05-01,Wingra,51
1977-06-01,Wingra,52
1977-07-01,Wingra,49
1977-09-01,Wingra,47
1977-10-01,Wingra,44
1977-11-01,Wingra,43
1977-12-01,Wingra,48.5
1978-01-01,Wingra,52
1978-02-01,Wingra,53
1978-03-01,Wingra,60
1978-04-01,Wingra,48
1978-05-01,Wingra,43
1978-06-01,Wingra,42
1978-07-01,Wingra,33
1978-08-01,Wingra,32
1978-09-01,Wingra,21
1978-10-01,Wingra,40
1978-11-01,Wingra,37
1978-12-01,Wingra,35
1979-01-01,Wingra,39.2
1979-02-01,Wingra,40
1979-03-01,Wingra,42
1979-04-01,Wingra,33.7
1979-05-01,Wingra,42.2
1979-06-01,Wingra,28.9
1979-07-01,Wingra,29.8
1979-08-01,Wingra,46.5
1979-09-01,Wingra,43.7
1979-10-01,Wingra,44.7
1979-11-01,Wingra,43.4
1979-12-01,Wingra,44.4
1980-01-01,Wingra,45.7
1980-02-01,Wingra,50
1980-03-01,Wingra,50.6
1980-04-01,Wingra,49
1980-05-01,Wingra,56
1980-06-01,Wingra,63
1980-07-01,Wingra,56
1980-08-01,Wingra,52
1980-09-01,Wingra,50
1980-10-01,Wingra,44.9
1980-11-01,Wingra,45.5
1980-12-01,Wingra,45.8
1981-01-01,Wingra,52.1
1981-02-01,Wingra,54.6
1981-03-01,Wingra,50.9
1981-04-01,Wingra,53.2
1981-05-01,Wingra,52.1
1981-06-01,Wingra,55.7
1981-07-01,Wingra,53
1981-08-01,Wingra,50.5
1981-11-01,Wingra,42.5
1981-12-01,Wingra,44.5
1982-01-01,Wingra,51
1982-02-01,Wingra,52.5
1982-03-01,Wingra,52.5
1982-04-01,Wingra,50
1982-05-01,Wingra,52
1982-06-01,Wingra,51
1982-07-01,Wingra,50.5
1982-08-01,Wingra,45
1982-10-01,Wingra,51.5
1982-11-01,Wingra,52
1982-12-01,Wingra,46
1983-01-01,Wingra,49
1983-02-01,Wingra,49
1983-03-01,Wingra,49
1983-04-01,Wingra,48
1983-05-01,Wingra,53.5
1983-06-01,Wingra,52
1983-07-01,Wingra,51
1983-08-01,Wingra,58
1983-09-01,Wingra,56
1983-10-01,Wingra,54.5
1983-11-01,Wingra,53.2
1983-12-01,Wingra,56
1984-01-01,Wingra,64
1984-02-01,Wingra,64.5
1984-03-01,Wingra,52
1984-04-01,Wingra,50
1984-05-01,Wingra,56
1984-06-01,Wingra,58
1984-07-01,Wingra,50
1984-08-01,Wingra,50
1984-09-01,Wingra,49
1984-10-01,Wingra,53
1984-11-01,Wingra,44.5
1984-12-01,Wingra,55
1985-01-01,Wingra,44
1985-02-01,Wingra,45
1985-03-01,Wingra,50
1985-04-01,Wingra,69
1985-05-01,Wingra,58
1985-06-01,Wingra,63
1985-07-01,Wingra,64
1985-08-01,Wingra,64
1985-09-01,Wingra,65
1985-10-01,Wingra,58
1985-11-01,Wingra,53
1985-12-01,Wingra,41
1986-01-01,Wingra,62
1986-02-01,Wingra,60
1986-03-01,Wingra,60
1986-04-01,Wingra,50
1986-05-01,Wingra,62
1986-06-01,Wingra,62
1986-07-01,Wingra,43
1986-08-01,Wingra,63.2
1986-09-01,Wingra,64
1986-10-01,Wingra,56
1986-11-01,Wingra,54.4
1986-12-01,Wingra,55
1987-01-01,Wingra,57
1987-02-01,Wingra,64
1987-03-01,Wingra,40
1987-04-01,Wingra,57.8
1987-05-01,Wingra,54.9
1987-06-01,Wingra,58
1987-07-01,Wingra,58.7
1987-08-01,Wingra,61
1987-09-01,Wingra,58.4
1987-10-01,Wingra,58
1987-11-01,Wingra,57
1987-12-01,Wingra,54.6
1988-01-01,Wingra,57.6
1988-02-01,Wingra,54.4
1988-03-01,Wingra,69.4
1988-04-01,Wingra,64.2
1988-05-01,Wingra,67.4
1988-06-01,Wingra,71.5
1988-07-01,Wingra,73.8
1988-08-01,Wingra,75.8
1988-09-01,Wingra,79
1988-10-01,Wingra,76.2
1988-11-01,Wingra,74.3
1988-12-01,Wingra,67.3
1989-01-01,Wingra,76.2
1989-02-01,Wingra,76.4
1989-03-01,Wingra,83.2
1989-04-01,Wingra,87
1989-05-01,Wingra,84
1989-06-01,Wingra,85
1989-07-01,Wingra,89
1989-08-01,Wingra,82.6
1989-09-01,Wingra,80.4
1989-10-01,Wingra,80.5
1989-11-01,Wingra,77
1989-12-01,Wingra,86.3
1990-01-01,Wingra,98.5
1990-02-01,Wingra,92.9
1990-03-01,Wingra,91.8
1990-04-01,Wingra,78.4
1990-05-01,Wingra,82.8
1990-06-01,Wingra,77.2
1990-07-01,Wingra,73.6
1990-08-01,Wingra,72.4
1990-09-01,Wingra,72.6
1990-11-01,Wingra,96.5
1990-12-01,Wingra,110.6
1991-01-01,Wingra,96.1
1991-02-01,Wingra,110.3
1991-03-01,Wingra,70.4
1991-04-01,Wingra,72.2
1991-05-01,Wingra,72
1991-06-01,Wingra,74.8
1991-07-01,Wingra,72.1
1991-08-01,Wingra,99.2
1991-09-01,Wingra,66.2
1991-10-01,Wingra,63.6
1991-11-01,Wingra,58.2
1991-12-01,Wingra,56.1
1992-01-01,Wingra,62.9
1992-02-01,Wingra,56.5
1992-03-01,Wingra,63.1
1992-04-01,Wingra,67.9
1992-05-01,Wingra,70.4
1992-06-01,Wingra,72.9
1992-07-01,Wingra,77.8
1992-08-01,Wingra,61.5
1992-09-01,Wingra,70.8
1992-10-01,Wingra,62.5
1992-11-01,Wingra,67.3
1992-12-01,Wingra,59.9
1993-02-01,Wingra,73.8
1993-03-01,Wingra,73.8
1993-07-01,Wingra,67.1
1993-10-01,Wingra,52.3
1993-11-01,Wingra,60
1993-12-01,Wingra,67.3
1994-02-01,Wingra,64.5
1994-03-01,Wingra,78.8
1994-06-01,Wingra,82
1994-07-01,Wingra,80.1
1994-08-01,Wingra,82.4
1994-10-01,Wingra,68.8
1994-11-01,Wingra,69.5
1994-12-01,Wingra,75.4
1995-01-01,Wingra,70.9
1995-03-01,Wingra,65.7
1995-04-01,Wingra,70.8
1995-05-01,Wingra,66.6
1995-06-01,Wingra,67.3
1995-07-01,Wingra,75
1995-08-01,Wingra,68.5
1995-09-01,Wingra,73.2
1995-10-01,Wingra,69.3
1996-01-01,Wingra,76.4
1996-03-01,Wingra,74.7
1996-04-01,Wingra,88.1
1996-05-01,Wingra,88.9
1996-05-02,Wingra,97.14
1996-06-01,Wingra,57.2
1996-08-07,Wingra,75.61
1996-11-07,Wingra,68.57
1996-12-01,Wingra,73.6
1997-01-01,Wingra,76.6
1997-02-01,Wingra,77.4
1997-03-01,Wingra,92.7
1997-04-01,Wingra,118.5
1997-05-01,Wingra,88.8
1997-06-01,Wingra,102
1997-07-01,Wingra,47.4
1997-08-19,Wingra,92.66
1997-09-01,Wingra,99.7
1997-11-20,Wingra,92.62
1998-01-01,Wingra,93.4
1998-02-01,Wingra,90.9
1998-04-01,Wingra,83.9
1998-04-23,Wingra,86.7
1998-06-01,Wingra,78
1998-07-01,Wingra,66.4
1998-08-07,Wingra,70.43
1998-09-01,Wingra,70.8
1998-10-01,Wingra,65
1998-12-01,Wingra,67.5
1999-02-01,Wingra,71.9
1999-03-01,Wingra,75.8
1999-04-13,Wingra,91.48
1999-05-01,Wingra,81.2
1999-07-01,Wingra,76.4
1999-07-09,Wingra,80.39
1999-08-01,Wingra,76.5
1999-09-01,Wingra,79.8
1999-10-01,Wingra,73.4
1999-10-25,Wingra,79.26
1999-12-01,Wingra,75
2000-01-01,Wingra,81.3
2000-02-01,Wingra,64.7
2000-04-01,Wingra,81.4
2000-04-12,Wingra,86.68
2000-05-01,Wingra,77
2000-06-01,Wingra,59.4
2000-07-01,Wingra,59.9
2000-07-04,Wingra,61.1
2000-08-01,Wingra,60.4
2000-09-01,Wingra,60.6
2000-10-01,Wingra,64.2
2000-10-23,Wingra,63.77
2000-11-01,Wingra,67.2
2001-01-01,Wingra,74.3
2001-01-08,Wingra,67.48
2001-02-01,Wingra,81
2001-03-01,Wingra,83.7
2001-04-01,Wingra,94
2001-04-23,Wingra,94.14
2001-05-01,Wingra,95.1
2001-06-01,Wingra,92.1
2001-07-01,Wingra,90.5
2001-08-01,Wingra,88.87
2001-10-01,Wingra,68.6
2001-10-25,Wingra,60.64
2001-11-01,Wingra,69.2
2001-12-01,Wingra,69.7
2002-01-02,Wingra,75.7
2002-02-02,Wingra,68.5
2002-03-02,Wingra,80.8
2002-04-02,Wingra,81.8
2002-04-22,Wingra,77.65
2002-05-02,Wingra,82.3
2002-06-02,Wingra,74.6
2002-07-02,Wingra,78.2
2002-07-18,Wingra,82.05
2002-08-02,Wingra,84.2
2002-09-02,Wingra,84.2
2002-10-02,Wingra,82.8
2002-10-24,Wingra,82.35
2002-11-02,Wingra,41.9
2002-12-02,Wingra,90.7
2003-01-03,Wingra,85.7
2003-01-28,Wingra,96.7
2003-02-03,Wingra,92.2
2003-03-03,Wingra,81.2
2003-04-03,Wingra,89.3
2003-04-17,Wingra,91.61
2003-05-03,Wingra,90.2
2003-06-03,Wingra,94.2
2003-07-03,Wingra,89.3
2003-08-03,Wingra,94.9
2003-08-07,Wingra,93.5
2003-09-03,Wingra,96.6
2003-10-03,Wingra,88.3
2003-11-03,Wingra,77.5
2003-11-06,Wingra,83.61
2003-12-03,Wingra,79.2
2004-01-04,Wingra,84.7
2004-02-04,Wingra,92.8
2004-02-09,Wingra,88.24
2004-03-04,Wingra,90.4
2004-04-04,Wingra,93
2004-04-15,Wingra,92.18
2004-05-04,Wingra,94.1
2004-06-04,Wingra,68.3
2004-07-04,Wingra,66.3
2004-08-04,Wingra,67.8
2004-08-04,Wingra,66.03
2004-09-04,Wingra,68.4
2004-10-04,Wingra,69.3
2004-11-04,Wingra,70.9
2004-11-08,Wingra,73.64
2004-12-04,Wingra,69.4
2005-01-05,Wingra,81.7
2005-02-05,Wingra,90
2005-02-09,Wingra,104.79
2005-03-05,Wingra,98.6
2005-04-05,Wingra,106
2005-04-11,Wingra,110.48
2005-05-05,Wingra,111
2005-06-05,Wingra,107
2005-07-05,Wingra,107
2005-08-04,Wingra,113.24
2005-08-05,Wingra,111
2005-09-05,Wingra,111
2005-10-05,Wingra,112
2005-10-26,Wingra,112.43
2005-11-05,Wingra,108
2005-12-05,Wingra,115
2006-01-06,Wingra,108
2006-02-06,Wingra,105
2006-02-22,Wingra,112.57
2006-03-06,Wingra,104
2006-04-19,Wingra,105.84
2006-05-06,Wingra,88.7
2006-06-06,Wingra,90
2006-07-06,Wingra,92
2006-08-06,Wingra,85.5
2006-08-09,Wingra,85.42
2006-09-06,Wingra,71.5
2006-10-06,Wingra,72.3
2006-11-02,Wingra,76.15
2006-11-06,Wingra,73
2006-12-06,Wingra,73
2007-01-07,Wingra,77.3
2007-02-07,Wingra,83.6
2007-03-07,Wingra,73
2007-03-08,Wingra,76.93
2007-04-07,Wingra,83.9
2007-04-18,Wingra,84.75
2007-06-07,Wingra,88.5
2007-07-07,Wingra,92.1
2007-08-08,Wingra,90.41
2007-09-07,Wingra,62.5
2007-10-07,Wingra,68.8
2007-10-31,Wingra,69.99
2007-11-07,Wingra,74.1
2008-01-08,Wingra,74.6
2008-02-08,Wingra,89.1
2008-02-18,Wingra,91.87
2008-03-08,Wingra,94.9
2008-04-08,Wingra,81.7
2008-04-15,Wingra,101.32
2008-05-08,Wingra,99.3
2008-06-08,Wingra,80.4
2008-07-08,Wingra,76.1
2008-08-06,Wingra,78.25
2008-08-08,Wingra,80.3
2008-09-08,Wingra,85.1
2008-10-08,Wingra,76.9
2008-11-03,Wingra,79.93
2008-11-08,Wingra,89.1
2008-12-08,Wingra,85.5
2009-01-09,Wingra,102
2009-02-09,Wingra,57.3
2009-02-16,Wingra,19.89
2009-03-09,Wingra,87.6
2009-04-09,Wingra,112
2009-04-13,Wingra,106.88
2009-05-09,Wingra,106
2009-06-09,Wingra,94.1
2009-08-03,Wingra,99.88
2009-11-04,Wingra,26.57
2009-11-09,Wingra,88.6
2009-12-09,Wingra,90.2
2010-01-10,Wingra,87.6
2010-02-05,Wingra,110.23
2010-02-10,Wingra,108
2010-03-10,Wingra,57.2
2010-04-10,Wingra,91.3
2010-04-14,Wingra,96.82
2010-05-10,Wingra,99.2
2010-06-10,Wingra,85.9
2010-07-10,Wingra,82.5
2010-08-05,Wingra,73.88
2010-08-10,Wingra,72.8
2010-09-10,Wingra,66.7
2010-10-10,Wingra,67.1
2010-11-10,Wingra,71.5
2010-11-10,Wingra,75.33
2010-12-10,Wingra,76.7
2011-01-11,Wingra,91.6
2011-01-27,Wingra,94.02
2011-02-11,Wingra,87.7
2011-03-11,Wingra,93
2011-04-11,Wingra,108
2011-05-11,Wingra,109
2011-05-18,Wingra,116.07
2011-06-11,Wingra,111
2011-07-11,Wingra,117
2011-08-10,Wingra,120.04
2011-08-11,Wingra,116
2011-09-11,Wingra,115
2011-10-11,Wingra,110
2011-11-01,Wingra,114.25
2011-11-11,Wingra,102
2011-12-11,Wingra,132
2012-01-12,Wingra,106
2012-02-12,Wingra,106
2012-02-16,Wingra,114.75
2012-03-12,Wingra,101
2012-04-12,Wingra,118
2012-04-18,Wingra,118.3
2012-05-12,Wingra,115
2012-08-08,Wingra,123.02
2012-08-12,Wingra,127
2012-09-12,Wingra,125
2012-10-12,Wingra,116
2012-10-30,Wingra,116.25
2012-11-12,Wingra,116
2012-12-12,Wingra,107
2013-02-13,Wingra,116
2013-02-25,Wingra,135.03
2013-03-13,Wingra,123
2013-04-30,Wingra,73.19
2013-05-13,Wingra,124
2013-06-13,Wingra,119
2013-07-13,Wingra,97.5
2013-08-08,Wingra,95.25
2013-08-13,Wingra,97.7
2013-09-13,Wingra,103
2013-10-13,Wingra,106
2013-10-31,Wingra,102.13
2014-01-14,Wingra,117
2014-02-14,Wingra,117
2014-03-14,Wingra,111
2014-04-14,Wingra,119
2014-05-02,Wingra,123.75
2014-06-14,Wingra,107
2014-07-14,Wingra,111
2014-08-06,Wingra,103.82
2014-08-14,Wingra,108
2014-09-14,Wingra,108
2014-10-14,Wingra,98.3
2014-11-03,Wingra,100
2014-12-13,Wingra,106
2014-12-14,Wingra,109
2015-01-15,Wingra,103
2015-01-28,Wingra,115.16
2015-02-15,Wingra,108
2015-03-15,Wingra,102
2015-04-15,Wingra,102
2015-04-17,Wingra,111.63
2015-05-15,Wingra,105
2015-06-15,Wingra,108
2015-07-15,Wingra,105
2015-08-05,Wingra,106.49
2015-08-15,Wingra,103
2015-09-15,Wingra,94.5
2015-10-15,Wingra,90.8
2015-11-09,Wingra,94.33
2016-02-05,Wingra,88.6
2016-02-16,Wingra,90
2016-03-16,Wingra,99.7
2016-04-14,Wingra,106.96
2016-04-16,Wingra,108
2016-06-16,Wingra,104
2016-07-16,Wingra,98.8
2016-08-03,Wingra,77.46
2016-08-16,Wingra,94.2
2016-09-16,Wingra,80.2
2016-10-16,Wingra,80.7
2016-11-01,Wingra,75.74
2016-12-16,Wingra,69.3
2017-01-17,Wingra,86.1
2017-02-16,Wingra,106.4
2017-03-17,Wingra,131
2017-04-17,Wingra,137
2017-04-18,Wingra,148.12
2017-05-17,Wingra,135
2017-06-17,Wingra,130
2017-07-17,Wingra,89.7
2017-08-09,Wingra,81
2017-08-17,Wingra,79.8
2017-10-17,Wingra,93.5
2017-10-31,Wingra,95
2017-12-17,Wingra,99.7
2018-01-18,Wingra,97.5
2018-02-18,Wingra,109
2018-02-26,Wingra,68.46
2018-04-18,Wingra,110
2018-04-26,Wingra,121.94
2018-05-18,Wingra,108
2018-06-18,Wingra,76.8
2018-07-18,Wingra,84.5
2018-08-09,Wingra,90.66
2018-08-18,Wingra,63.9
2018-09-18,Wingra,55.5
2018-11-01,Wingra,71.62
2018-11-18,Wingra,74.8
2018-12-18,Wingra,78.7
2019-02-19,Wingra,106
2019-03-01,Wingra,108.8
2019-04-18,Wingra,141.49
2019-04-19,Wingra,135
2019-06-19,Wingra,126
2019-08-07,Wingra,117.06
2019-08-19,Wingra,112
2019-09-19,Wingra,99.7
2019-10-19,Wingra,77.6
2019-10-30,Wingra,86.77
2019-12-19,Wingra,95.7
2021-02-24,Wingra,127.88
2021-04-15,Wingra,125.9
2021-05-12,Wingra,128.09
2021-08-11,Wingra,118.32
2021-11-10,Wingra,117.62
2022-02-09,Wingra,160.62
2022-05-18,Wingra,138.33
2022-08-12,Wingra,117.9
2022-11-03,Wingra,112.3
